n_carbon,cutoff,batch_size,opt_batch_size,burnin/t_step,opt/t_step,model
16,3.0,32,8,0.16623499616980553,0.24739060923457146,FiRE
16,3.0,32,16,0.17216801643371582,0.23870818689465523,FiRE
16,3.0,32,32,0.16958311572670937,0.23212634772062302,FiRE
16,3.0,64,8,0.2173420824110508,0.350369393825531,FiRE
16,3.0,64,16,0.21466627717018127,0.33200856298208237,FiRE
16,3.0,64,32,0.21602356806397438,0.3318041041493416,FiRE
16,3.0,64,64,0.2140572890639305,0.32189004495739937,FiRE
16,3.0,128,8,0.2780993990600109,0.5644348487257957,FiRE
16,3.0,128,16,0.2802932746708393,0.5164318904280663,FiRE
16,3.0,128,32,0.2865777760744095,0.5022103451192379,FiRE
16,3.0,128,64,0.29088545218110085,0.5014641545712948,FiRE
16,3.0,256,8,0.43213291838765144,0.9910435378551483,FiRE
16,3.0,256,16,0.43397601693868637,0.8985322155058384,FiRE
16,3.0,256,32,0.4605776183307171,0.8913781121373177,FiRE
16,3.0,256,64,0.4259418398141861,0.8445614874362946,FiRE
16,3.0,512,8,0.7620177529752254,1.884833637624979,FiRE
16,3.0,512,16,0.7683675177395344,1.7059511616826057,FiRE
16,3.0,512,32,0.7656080722808838,1.621400598436594,FiRE
16,3.0,512,64,0.761225737631321,1.6167005226016045,FiRE
18,3.0,32,8,0.1920967847108841,0.2693316079676151,FiRE
18,3.0,32,16,0.18883724883198738,0.2575230598449707,FiRE
18,3.0,32,32,0.19152025878429413,0.25381532683968544,FiRE
18,3.0,64,8,0.24177279323339462,0.4008764587342739,FiRE
18,3.0,64,16,0.23554371669888496,0.3661789149045944,FiRE
18,3.0,64,32,0.2420680783689022,0.3638055995106697,FiRE
18,3.0,64,64,0.23984626308083534,0.3577938713133335,FiRE
18,3.0,128,8,0.32204967737197876,0.626585066318512,FiRE
18,3.0,128,16,0.31931859254837036,0.5788164176046848,FiRE
18,3.0,128,32,0.33148180693387985,0.565746434032917,FiRE
18,3.0,128,64,0.3209538124501705,0.5422193259000778,FiRE
18,3.0,256,8,0.505028311163187,1.111761700361967,FiRE
18,3.0,256,16,0.4684513285756111,0.9769430756568909,FiRE
18,3.0,256,32,0.476506732404232,0.943245779722929,FiRE
18,3.0,256,64,0.50603187084198,0.9465661197900772,FiRE
18,3.0,512,8,0.9183115735650063,2.133846629410982,FiRE
18,3.0,512,16,0.8588472045958042,1.8604512363672256,FiRE
18,3.0,512,32,0.9074808582663536,1.8257051184773445,FiRE
18,3.0,512,64,0.854938667267561,1.7433507330715656,FiRE
21,3.0,32,8,0.23185037076473236,0.3348791114985943,FiRE
21,3.0,32,16,0.22987719625234604,0.31844512373209,FiRE
21,3.0,32,32,0.2272263579070568,0.30194342508912086,FiRE
21,3.0,64,8,0.2838687375187874,0.47367236390709877,FiRE
21,3.0,64,16,0.27597445622086525,0.4460742399096489,FiRE
21,3.0,64,32,0.2818020284175873,0.436008308082819,FiRE
21,3.0,64,64,0.27876751497387886,0.423803448677063,FiRE
21,3.0,128,8,0.38189827650785446,0.7562689892947674,FiRE
21,3.0,128,16,0.38813815265893936,0.7056949138641357,FiRE
21,3.0,128,32,0.38238056376576424,0.6701871827244759,FiRE
21,3.0,128,64,0.3771557956933975,0.6480352021753788,FiRE
21,3.0,256,8,0.6165774129331112,1.3365764506161213,FiRE
21,3.0,256,16,0.5734255127608776,1.2031826078891754,FiRE
21,3.0,256,32,0.5808681435883045,1.1585624478757381,FiRE
21,3.0,256,64,0.5822780691087246,1.1031633131206036,FiRE
21,3.0,512,8,0.9816895239055157,2.4283562302589417,FiRE
21,3.0,512,16,1.0601692982017994,2.3385358080267906,FiRE
21,3.0,512,32,1.0475476495921612,2.20946254581213,FiRE
21,3.0,512,64,1.0515503622591496,2.1340574510395527,FiRE
24,3.0,32,8,0.2619827836751938,0.3765926882624626,FiRE
24,3.0,32,16,0.28465360775589943,0.39798302948474884,FiRE
24,3.0,32,32,0.28358984366059303,0.37385664507746696,FiRE
24,3.0,64,8,0.3506883457303047,0.557131327688694,FiRE
24,3.0,64,16,0.3232310116291046,0.5076769515872002,FiRE
24,3.0,64,32,0.3230006545782089,0.511240940541029,FiRE
24,3.0,64,64,0.3264486938714981,0.4970327541232109,FiRE
24,3.0,128,8,0.4760768227279186,0.9166573137044907,FiRE
24,3.0,128,16,0.47111766412854195,0.8609921187162399,FiRE
24,3.0,128,32,0.47196509689092636,0.8373006619513035,FiRE
24,3.0,128,64,0.4724986366927624,0.7815536148846149,FiRE
24,3.0,256,8,0.7305584140121937,1.5798534415662289,FiRE
24,3.0,256,16,0.7716428078711033,1.5514274053275585,FiRE
24,3.0,256,32,0.7298598289489746,1.4403329007327557,FiRE
24,3.0,256,64,0.7280519343912601,1.3884425610303879,FiRE
24,3.0,512,8,1.32857047021389,3.079493038356304,FiRE
24,3.0,512,16,1.3231612592935562,2.8776855133473873,FiRE
24,3.0,512,32,1.3290830589830875,2.77320384606719,FiRE
24,3.0,512,64,1.2505023293197155,2.59209393709898,FiRE
24,3.0,1024,8,2.469684422016144,5.989479918032885,FiRE
24,3.0,1024,16,2.4710332229733467,5.6375789269804955,FiRE
24,3.0,1024,32,2.318030223250389,5.2235912047326565,FiRE
24,3.0,1024,64,2.4517344757914543,5.220557097345591,FiRE
24,4.0,128,4,0.5171109437942505,1.1413572020828724,FiRE
24,4.0,128,8,0.518792387098074,1.0275764055550098,FiRE
24,4.0,128,16,0.5120309442281723,0.9648596420884132,FiRE
24,4.0,128,32,0.5103645697236061,0.9377557560801506,FiRE
24,4.0,128,64,0.5122220106422901,0.9104826375842094,FiRE
24,4.0,256,4,0.8287881538271904,2.06995415315032,FiRE
24,4.0,256,8,0.8294529132544994,1.836299367249012,FiRE
24,4.0,256,16,0.836209062486887,1.7508248537778854,FiRE
24,4.0,256,32,0.8456498123705387,1.6782291382551193,FiRE
24,4.0,256,64,0.828570332378149,1.6299184709787369,FiRE
24,4.0,512,4,1.4595209434628487,3.9794592820107937,FiRE
24,4.0,512,8,1.450866911560297,3.470127072185278,FiRE
24,4.0,512,16,1.4531360529363155,3.2759465500712395,FiRE
24,4.0,512,32,1.4484311193227768,3.1252899281680584,FiRE
24,4.0,512,64,1.4471259340643883,3.051692333072424,FiRE
24,4.0,1024,4,2.689681999385357,7.946380294859409,FiRE
24,4.0,1024,8,2.732729285955429,7.051656298339367,FiRE
24,4.0,1024,16,2.7003819830715656,6.518323563039303,FiRE
24,4.0,1024,32,2.707964587956667,6.192326162010431,FiRE
24,4.0,1024,64,2.7143728844821453,5.996538583189249,FiRE
24,5.0,128,4,0.5519126318395138,1.2587610632181168,FiRE
24,5.0,128,8,0.5583494007587433,1.1400853544473648,FiRE
24,5.0,256,4,0.9067576825618744,2.330857202410698,FiRE
24,5.0,256,8,0.9057031571865082,2.0635547265410423,FiRE
24,5.0,512,4,1.5958575122058392,4.44146953523159,FiRE
24,5.0,512,8,1.6200200021266937,3.942251041531563,FiRE
24,5.0,1024,4,2.973346456885338,8.753445882350206,FiRE
24,5.0,1024,8,2.996690895408392,7.7241458632051945,FiRE
24,7.0,128,4,0.6696415059268475,1.542948056012392,FiRE
24,7.0,128,8,0.6592906638979912,1.379138071089983,FiRE
24,7.0,256,4,1.1306914314627647,2.8684478513896465,FiRE
24,7.0,256,8,1.1129094623029232,2.5428833439946175,FiRE
24,7.0,512,4,1.9996817372739315,5.654375463724136,FiRE
24,7.0,512,8,1.8563598841428757,4.885618481785059,FiRE
24,7.0,1024,4,3.8911017030477524,11.218465197831392,FiRE
24,7.0,1024,8,3.863966628909111,10.003564175218344,FiRE
25,3.0,128,8,0.48471858352422714,0.9250688441097736,FiRE
25,3.0,128,16,0.4910510182380676,0.8889382183551788,FiRE
25,3.0,128,32,0.491459883749485,0.8648109138011932,FiRE
25,3.0,128,64,0.4918307475745678,0.8416590690612793,FiRE
25,3.0,256,8,0.8102106489241123,1.6942527256906033,FiRE
25,3.0,256,16,0.7571328543126583,1.5540677458047867,FiRE
25,3.0,256,32,0.8109678477048874,1.5693786852061749,FiRE
25,3.0,256,64,0.816364947706461,1.5070308707654476,FiRE
25,3.0,512,8,1.3927032835781574,3.139475177973509,FiRE
25,3.0,512,16,1.3997243717312813,3.005869746208191,FiRE
25,3.0,512,32,1.4031051397323608,2.8568154089152813,FiRE
25,3.0,512,64,1.4076208397746086,2.763532217592001,FiRE
25,3.0,1024,8,2.6015170216560364,6.166007913649082,FiRE
25,3.0,1024,16,2.639098431915045,5.932270750403404,FiRE
25,3.0,1024,32,2.6100909523665905,5.64754930883646,FiRE
25,3.0,1024,64,2.6006855592131615,5.505196999758482,FiRE
25,4.0,128,4,0.5415774807333946,1.1961293704807758,FiRE
25,4.0,128,8,0.5484351515769958,1.0732184648513794,FiRE
25,4.0,128,16,0.5425564721226692,1.0245770327746868,FiRE
25,4.0,128,32,0.5511425398290157,1.001866351813078,FiRE
25,4.0,128,64,0.5489578172564507,0.9621388912200928,FiRE
25,4.0,256,4,0.8818631023168564,2.1659189872443676,FiRE
25,4.0,256,8,0.877564325928688,1.911826740950346,FiRE
25,4.0,256,16,0.8880128674209118,1.8230534084141254,FiRE
25,4.0,256,32,0.8814781419932842,1.755519811064005,FiRE
25,4.0,256,64,0.8667227886617184,1.6904841139912605,FiRE
25,4.0,512,4,1.5479550510644913,4.143651094287634,FiRE
25,4.0,512,8,1.519506298005581,3.585656549781561,FiRE
25,4.0,512,16,1.5352033525705338,3.4530496671795845,FiRE
25,4.0,512,32,1.548190861940384,3.295231845229864,FiRE
25,4.0,512,64,1.5349786281585693,3.1974775455892086,FiRE
25,4.0,1024,4,2.8393553160130978,8.108740791678429,FiRE
25,4.0,1024,8,2.8688582740724087,7.161412175744772,FiRE
25,4.0,1024,16,2.8473638258874416,6.7509511932730675,FiRE
25,4.0,1024,32,2.8455006554722786,6.567080099135637,FiRE
25,4.0,1024,64,2.8774954341351986,6.287018999457359,FiRE
25,5.0,128,4,0.5624584034085274,1.2772805653512478,FiRE
25,5.0,128,8,0.5897477604448795,1.1729597449302673,FiRE
25,5.0,256,4,0.9609297774732113,2.4014620408415794,FiRE
25,5.0,256,8,0.9513104669749737,2.1275383047759533,FiRE
25,5.0,512,4,1.6645534224808216,4.534976575523615,FiRE
25,5.0,512,8,1.682612482458353,4.069069154560566,FiRE
25,5.0,1024,4,3.1801329851150513,9.004178758710623,FiRE
25,5.0,1024,8,3.157705929130316,7.887867972254753,FiRE
25,7.0,128,4,0.6971234753727913,1.6145036704838276,FiRE
25,7.0,128,8,0.6598814874887466,1.399837039411068,FiRE
25,7.0,256,4,1.1713138073682785,2.9898357689380646,FiRE
25,7.0,256,8,1.190159197896719,2.736171569675207,FiRE
25,7.0,512,4,2.079174730926752,5.735718447715044,FiRE
25,7.0,512,8,2.1187251061201096,5.191821381449699,FiRE
25,7.0,1024,4,4.080539107322693,11.430891770869493,FiRE
25,7.0,1024,8,4.051942225545645,10.289573185145855,FiRE
27,3.0,128,8,0.5442114695906639,1.0310970395803452,FiRE
27,3.0,128,16,0.5434999838471413,1.014269646257162,FiRE
27,3.0,128,32,0.5361262150108814,0.9251901209354401,FiRE
27,3.0,128,64,0.5671308524906635,0.9387978985905647,FiRE
27,3.0,256,8,0.9135483428835869,1.8811803348362446,FiRE
27,3.0,256,16,0.9175430461764336,1.7569350935518742,FiRE
27,3.0,256,32,0.8663947843015194,1.6484281979501247,FiRE
27,3.0,256,64,0.8648242019116879,1.5980498753488064,FiRE
27,3.0,512,8,1.5910986699163914,3.527504626661539,FiRE
27,3.0,512,16,1.503960307687521,3.196371041238308,FiRE
27,3.0,512,32,1.5019941069185734,3.2477127574384212,FiRE
27,3.0,512,64,1.504060111939907,2.957528341561556,FiRE
27,3.0,1024,8,2.988590195775032,6.936375200748444,FiRE
27,3.0,1024,16,2.983512993901968,6.395806577056646,FiRE
27,3.0,1024,32,2.983850721269846,6.523046653717756,FiRE
27,3.0,1024,64,2.986920416355133,5.984631758183241,FiRE
27,4.0,128,4,0.605209194123745,1.2994738407433033,FiRE
27,4.0,128,8,0.6072272472083569,1.1922668516635895,FiRE
27,4.0,128,16,0.6071467623114586,1.1272867918014526,FiRE
27,4.0,128,32,0.6091016791760921,1.1295580342411995,FiRE
27,4.0,128,64,0.6161749511957169,1.0515943877398968,FiRE
27,4.0,256,4,0.9886774122714996,2.376050103455782,FiRE
27,4.0,256,8,0.9844393469393253,2.1046120077371597,FiRE
27,4.0,256,16,0.9882091879844666,2.0839860066771507,FiRE
27,4.0,256,32,0.9816325902938843,2.0015903264284134,FiRE
27,4.0,256,64,0.9851252660155296,1.8914794772863388,FiRE
27,4.0,512,4,1.731690924614668,4.4964760690927505,FiRE
27,4.0,512,8,1.7385162897408009,3.9595331326127052,FiRE
27,4.0,512,16,1.733046293258667,3.921496246010065,FiRE
27,4.0,512,32,1.7401937246322632,3.575349275022745,FiRE
27,4.0,512,64,1.732692640274763,3.662920795381069,FiRE
27,4.0,1024,4,3.2359951958060265,8.853784494102001,FiRE
27,4.0,1024,8,3.223791055381298,7.767097197473049,FiRE
27,4.0,1024,16,3.231830608099699,7.682275969535112,FiRE
27,4.0,1024,32,3.2367715798318386,7.4297500513494015,FiRE
27,4.0,1024,64,3.222866754978895,6.725290294736624,FiRE
27,5.0,128,4,0.6491256579756737,1.420389611274004,FiRE
27,5.0,128,8,0.6393560171127319,1.2810937501490116,FiRE
27,5.0,256,4,1.1155905798077583,2.667634788900614,FiRE
27,5.0,256,8,1.0725568681955338,2.336001969873905,FiRE
27,5.0,512,4,1.8816531971096992,5.193421013653278,FiRE
27,5.0,512,8,1.881730668246746,4.438942726701498,FiRE
27,5.0,1024,4,3.5860747322440147,9.907846961170435,FiRE
27,5.0,1024,8,3.5603896602988243,9.272923190146685,FiRE
27,7.0,128,4,0.7589252404868603,1.7468655854463577,FiRE
27,7.0,128,8,0.7209449782967567,1.6351674683392048,FiRE
27,7.0,256,4,1.2961763143539429,3.2347494028508663,FiRE
27,7.0,256,8,1.3188726902008057,2.960124671459198,FiRE
27,7.0,512,4,2.3506177626550198,6.421304803341627,FiRE
27,7.0,512,8,2.1757561080157757,5.486327737569809,FiRE
27,7.0,1024,4,4.550157018005848,12.4846151471138,FiRE
27,7.0,1024,8,4.575929902493954,11.236682280898094,FiRE
28,3.0,32,8,0.33009278401732445,0.4702630639076233,FiRE
28,3.0,32,16,0.3450017236173153,0.46897168457508087,FiRE
28,3.0,32,32,0.33521563187241554,0.44712312147021294,FiRE
28,3.0,64,8,0.38640592619776726,0.6458247378468513,FiRE
28,3.0,64,16,0.38455406948924065,0.6204603724181652,FiRE
28,3.0,64,32,0.38630207628011703,0.6021501384675503,FiRE
28,3.0,64,64,0.42317409440875053,0.6246161833405495,FiRE
28,3.0,128,8,0.5758505538105965,1.0812686830759048,FiRE
28,3.0,128,16,0.5770280733704567,1.0296125672757626,FiRE
28,3.0,128,32,0.5722769722342491,1.0332461148500443,FiRE
28,3.0,128,64,0.5710075497627258,0.9550451636314392,FiRE
28,3.0,256,8,0.9947144500911236,2.0880734771490097,FiRE
28,3.0,256,16,0.933652326464653,1.9029911682009697,FiRE
28,3.0,256,32,0.997875701636076,1.9008100628852844,FiRE
28,3.0,256,64,0.936355534940958,1.7745778933167458,FiRE
28,3.0,512,8,1.7426659986376762,3.9422727078199387,FiRE
28,3.0,512,16,1.6524351723492146,3.5732783786952496,FiRE
28,3.0,512,32,1.6459511034190655,3.5417449697852135,FiRE
28,3.0,512,64,1.7403444461524487,3.25667704641819,FiRE
29,3.0,128,8,0.598211295902729,1.1599726490676403,FiRE
29,3.0,128,16,0.5898504368960857,1.0911781340837479,FiRE
29,3.0,128,32,0.6272708401083946,1.0913142822682858,FiRE
29,3.0,128,64,0.5944107919931412,1.0298460386693478,FiRE
29,3.0,256,8,1.035589013248682,2.1504885368049145,FiRE
29,3.0,256,16,0.9893980175256729,1.9741104505956173,FiRE
29,3.0,256,32,1.0328637473285198,1.950689896941185,FiRE
29,3.0,256,64,0.9851685874164104,1.8345913290977478,FiRE
29,3.0,512,8,1.7272006794810295,4.038803141564131,FiRE
29,3.0,512,16,1.8118102364242077,3.784529760479927,FiRE
29,3.0,512,32,1.8131189048290253,3.6385096088051796,FiRE
29,3.0,512,64,1.8250648006796837,3.5520125441253185,FiRE
29,3.0,1024,8,3.404197331517935,7.921269457787275,FiRE
29,3.0,1024,16,3.4099437333643436,7.422218795865774,FiRE
29,3.0,1024,32,3.4385240003466606,7.225407857447863,FiRE
29,3.0,1024,64,3.4097351767122746,6.926793970167637,FiRE
29,4.0,128,4,0.6794055625796318,1.4620878733694553,FiRE
29,4.0,128,8,0.6745398119091988,1.319992519915104,FiRE
29,4.0,128,16,0.6761780008673668,1.2750524766743183,FiRE
29,4.0,128,32,0.6795718893408775,1.2438829131424427,FiRE
29,4.0,128,64,0.6803966909646988,1.18875190615654,FiRE
29,4.0,256,4,1.1142585314810276,2.668148495256901,FiRE
29,4.0,256,8,1.114182721823454,2.4019067622721195,FiRE
29,4.0,256,16,1.1258283033967018,2.2802432365715504,FiRE
29,4.0,256,32,1.1105999872088432,2.1791382990777493,FiRE
29,4.0,256,64,1.1167978309094906,2.1365973129868507,FiRE
29,4.0,512,4,1.970479678362608,5.11934420093894,FiRE
29,4.0,512,8,1.9746631756424904,4.597871534526348,FiRE
29,4.0,512,16,1.973395574837923,4.229312360286713,FiRE
29,4.0,512,32,1.9742333106696606,4.1075331419706345,FiRE
29,4.0,512,64,1.9925688244402409,4.004656732082367,FiRE
29,4.0,1024,4,3.690927352756262,10.029471769928932,FiRE
29,4.0,1024,8,3.7015514448285103,9.128908820450306,FiRE
29,4.0,1024,16,3.883429877460003,8.579495556652546,FiRE
29,4.0,1024,32,3.694022376090288,8.054810002446175,FiRE
29,4.0,1024,64,3.729093436151743,7.831822331994772,FiRE
29,5.0,128,4,0.7220510542392731,1.6034184470772743,FiRE
29,5.0,128,8,0.7213903069496155,1.4640559144318104,FiRE
29,5.0,256,4,1.198400802910328,2.9662221409380436,FiRE
29,5.0,256,8,1.202903550118208,2.686447236686945,FiRE
29,5.0,512,4,2.14704068005085,5.6887676157057285,FiRE
29,5.0,512,8,2.191463455557823,5.128397863358259,FiRE
29,5.0,1024,4,4.083995059132576,11.253265023231506,FiRE
29,5.0,1024,8,4.061766341328621,10.054225873202085,FiRE
29,7.0,128,4,0.8073573969304562,1.9492379613220692,FiRE
29,7.0,128,8,0.8066984564065933,1.6479955241084099,FiRE
29,7.0,256,4,1.4757304415106773,3.736223243176937,FiRE
29,7.0,256,8,1.3884294927120209,3.1979740262031555,FiRE
29,7.0,512,4,2.457424011081457,6.771074824035168,FiRE
29,7.0,512,8,2.459285795688629,6.342219866812229,FiRE
29,7.0,1024,4,5.16248070821166,14.273578085005283,FiRE
29,7.0,1024,8,5.1494868621230125,12.860627260059118,FiRE
32,3.0,32,8,0.40529587119817734,0.5742361024022102,FiRE
32,3.0,32,16,0.40923966094851494,0.5456065610051155,FiRE
32,3.0,32,32,0.40247926488518715,0.5465256385505199,FiRE
32,3.0,64,8,0.49254704266786575,0.8116251192986965,FiRE
32,3.0,64,16,0.49863560125231743,0.7774506397545338,FiRE
32,3.0,64,32,0.5535738319158554,0.8201007209718227,FiRE
32,3.0,64,64,0.4974377490580082,0.7444927468895912,FiRE
32,3.0,128,8,0.7718519568443298,1.3888392262160778,FiRE
32,3.0,128,16,0.8117745034396648,1.3696874976158142,FiRE
32,3.0,128,32,0.7725720889866352,1.291750729084015,FiRE
32,3.0,128,64,0.7739838026463985,1.2505558617413044,FiRE
32,3.0,256,8,1.3805475756525993,2.623385675251484,FiRE
32,3.0,256,16,1.2878914289176464,2.4014681950211525,FiRE
32,3.0,256,32,1.2831061631441116,2.3141290843486786,FiRE
32,3.0,256,64,1.281487237662077,2.246178016066551,FiRE
32,3.0,512,8,2.301302883774042,4.774866111576557,FiRE
32,3.0,512,16,2.4744730852544308,4.670821625739336,FiRE
32,3.0,512,32,2.492728441953659,4.569930344820023,FiRE
32,3.0,512,64,2.483348347246647,4.438409931957722,FiRE
32,3.0,1024,8,4.728430397808552,9.78908197581768,FiRE
32,3.0,1024,16,4.712494004517794,9.403386566787958,FiRE
32,3.0,1024,32,4.331789541989565,8.510672822594643,FiRE
32,3.0,1024,64,4.340327747166157,8.286547385156155,FiRE
32,4.0,128,4,0.8574240580201149,1.7379191927611828,FiRE
32,4.0,128,8,0.8680889047682285,1.5919312164187431,FiRE
32,4.0,128,16,0.8360913544893265,1.4837719351053238,FiRE
32,4.0,128,32,0.8557385168969631,1.4624648243188858,FiRE
32,4.0,128,64,0.8570123091340065,1.433680396527052,FiRE
32,4.0,256,4,1.4621022306382656,3.207129329442978,FiRE
32,4.0,256,8,1.4686874374747276,2.903973698616028,FiRE
32,4.0,256,16,1.4594806879758835,2.742831762880087,FiRE
32,4.0,256,32,1.4754044860601425,2.686832595616579,FiRE
32,4.0,256,64,1.465301003307104,2.586749266833067,FiRE
32,4.0,512,4,2.6656549759209156,6.182530462741852,FiRE
32,4.0,512,8,2.666166089475155,5.548918288201094,FiRE
32,4.0,512,16,2.685970764607191,5.231028072535992,FiRE
32,4.0,512,32,2.665446024388075,5.096848096698523,FiRE
32,4.0,512,64,2.6681206934154034,5.038171824067831,FiRE
32,4.0,1024,4,5.051068052649498,12.173683770000935,FiRE
32,4.0,1024,8,5.002166159451008,10.86785313487053,FiRE
32,4.0,1024,16,5.011322673410177,10.839080974459648,FiRE
32,4.0,1024,32,5.037588991224766,9.950876746326685,FiRE
32,4.0,1024,64,5.065411880612373,9.909484144300222,FiRE
32,5.0,128,4,0.923773005604744,1.9152203723788261,FiRE
32,5.0,128,8,0.9263467155396938,1.7198787592351437,FiRE
32,5.0,256,4,1.593704678118229,3.526840090751648,FiRE
32,5.0,256,8,1.5900767296552658,3.212759878486395,FiRE
32,5.0,512,4,2.8876358456909657,6.81963549181819,FiRE
32,5.0,512,8,2.893895950168371,6.135685462504625,FiRE
32,5.0,1024,4,5.595821641385555,13.511080142110586,FiRE
32,5.0,1024,8,5.563754644244909,12.282551232725382,FiRE
32,7.0,128,4,1.0250748880207539,2.2284074500203133,FiRE
32,7.0,128,8,1.0860834531486034,2.1017686277627945,FiRE
32,7.0,256,4,1.902921985834837,4.39539497345686,FiRE
32,7.0,256,8,1.878216277807951,3.991480063647032,FiRE
32,7.0,512,4,3.4680183604359627,8.441498912870884,FiRE
32,7.0,512,8,3.4772795028984547,7.695650577545166,FiRE
32,7.0,1024,4,6.743058986961842,16.869988080114126,FiRE
32,7.0,1024,8,6.771777965128422,15.423129107803106,FiRE
34,3.0,128,8,0.8675702437758446,1.5819295085966587,FiRE
34,3.0,128,16,0.8305466808378696,1.4708870984613895,FiRE
34,3.0,128,32,0.8259726166725159,1.4246228709816933,FiRE
34,3.0,128,64,0.868747852742672,1.3737789578735828,FiRE
34,3.0,256,8,1.3762540966272354,2.7988141514360905,FiRE
34,3.0,256,16,1.3843904212117195,2.5396026596426964,FiRE
34,3.0,256,32,1.3801112212240696,2.50333845987916,FiRE
34,3.0,256,64,1.3817876689136028,2.5663510486483574,FiRE
34,3.0,512,8,2.629888880997896,5.4533299542963505,FiRE
34,3.0,512,16,2.7869666144251823,5.336315926164389,FiRE
34,3.0,512,32,2.6123103462159634,5.007762961089611,FiRE
34,3.0,512,64,2.6121911965310574,4.829779878258705,FiRE
34,3.0,1024,8,5.315196197479963,10.580424658954144,FiRE
34,3.0,1024,16,5.290723659098148,10.439759027212858,FiRE
34,3.0,1024,32,5.289986077696085,10.445081125944853,FiRE
34,3.0,1024,64,5.310594420880079,9.88649320602417,FiRE
34,4.0,128,4,0.9295048117637634,1.8386790715157986,FiRE
34,4.0,128,8,0.9224180392920971,1.662317894399166,FiRE
34,4.0,128,16,0.930249772965908,1.6220812276005745,FiRE
34,4.0,128,32,0.9248443953692913,1.554564505815506,FiRE
34,4.0,128,64,0.9198125526309013,1.5738071948289871,FiRE
34,4.0,256,4,1.569832418113947,3.526682659983635,FiRE
34,4.0,256,8,1.565041460096836,3.1794165894389153,FiRE
34,4.0,256,16,1.5671336278319359,3.03643049672246,FiRE
34,4.0,256,32,1.5521571822464466,2.952842853963375,FiRE
34,4.0,256,64,1.5803665667772293,2.761573750525713,FiRE
34,4.0,512,4,3.0064517222344875,6.916621830314398,FiRE
34,4.0,512,8,3.01643181219697,6.317188955843449,FiRE
34,4.0,512,16,2.9967572651803493,5.929907239973545,FiRE
34,4.0,512,32,2.994948621839285,5.767439320683479,FiRE
34,4.0,512,64,3.0101885087788105,5.617438871413469,FiRE
34,4.0,1024,4,5.644832592457533,13.628823190927505,FiRE
34,4.0,1024,8,5.681170482188463,12.281163949519396,FiRE
34,4.0,1024,16,5.6901013143360615,11.68594067171216,FiRE
34,4.0,1024,32,5.690176397562027,11.332585327327251,FiRE
34,4.0,1024,64,5.65974235907197,10.946517962962389,FiRE
34,5.0,128,4,0.9880190491676331,2.028754521161318,FiRE
34,5.0,128,8,0.979702178388834,1.9236893765628338,FiRE
34,5.0,256,4,1.6887327507138252,3.724076211452484,FiRE
34,5.0,256,8,1.6881633959710598,3.402364168316126,FiRE
34,5.0,512,4,3.2506203204393387,7.7146041840314865,FiRE
34,5.0,512,8,3.2076233960688114,7.164576455950737,FiRE
34,5.0,1024,4,6.116547618061304,15.401248648762703,FiRE
34,5.0,1024,8,6.192013673484325,13.85762371122837,FiRE
34,7.0,128,4,1.1420795135200024,2.5131909660995007,FiRE
34,7.0,128,8,1.1667502038180828,2.286466848105192,FiRE
34,7.0,256,4,2.0272218510508537,4.542882181704044,FiRE
34,7.0,256,8,1.8971251770853996,4.027343142777681,FiRE
34,7.0,512,4,3.882217463105917,9.583407916128635,FiRE
34,7.0,512,8,3.6455440782010555,8.606905117630959,FiRE
34,7.0,1024,4,7.482308883219957,18.908957790583372,FiRE
34,7.0,1024,8,7.496699396520853,17.477950152009726,FiRE
36,3.0,32,8,0.46940257772803307,0.6505686193704605,FiRE
36,3.0,32,16,0.4659030884504318,0.6483216099441051,FiRE
36,3.0,32,32,0.4687633663415909,0.6349707953631878,FiRE
36,3.0,64,8,0.5806219726800919,0.9313041009008884,FiRE
36,3.0,64,16,0.5796720832586288,0.9271468855440617,FiRE
36,3.0,64,32,0.5883553214371204,0.9155079908668995,FiRE
36,3.0,64,64,0.5880392901599407,0.883867185562849,FiRE
36,3.0,128,8,0.8956737034022808,1.6389170959591866,FiRE
36,3.0,128,16,0.9100947603583336,1.5833430923521519,FiRE
36,3.0,128,32,0.953118123114109,1.5836790725588799,FiRE
36,3.0,128,64,0.9058296456933022,1.48654430732131,FiRE
36,3.0,256,8,1.5194683894515038,2.997357524931431,FiRE
36,3.0,256,16,1.5194880925118923,2.8425584845244884,FiRE
36,3.0,256,32,1.5225724466145039,2.7879522889852524,FiRE
36,3.0,256,64,1.6323366239666939,2.7963107861578465,FiRE
36,3.0,512,8,2.964342061430216,5.9093774147331715,FiRE
36,3.0,512,16,2.974745538085699,5.650805085897446,FiRE
36,3.0,512,32,2.768884312361479,5.38200543820858,FiRE
36,3.0,512,64,2.9668441005051136,5.302023001015186,FiRE
38,3.0,128,8,1.0490147471427917,1.8391725309193134,FiRE
38,3.0,128,16,0.9867334738373756,1.6861759759485722,FiRE
38,3.0,128,32,1.0371555872261524,1.7022830918431282,FiRE
38,3.0,128,64,0.9821384698152542,1.6051070168614388,FiRE
38,3.0,256,8,1.6812162920832634,3.211564615368843,FiRE
38,3.0,256,16,1.787566363811493,3.173669695854187,FiRE
38,3.0,256,32,1.7853292264044285,3.163344945758581,FiRE
38,3.0,256,64,1.7793873846530914,2.989683046936989,FiRE
38,3.0,512,8,3.0588620342314243,6.182447127997875,FiRE
38,3.0,512,16,3.283040452748537,6.072553675621748,FiRE
38,3.0,512,32,3.287327714264393,5.973665051162243,FiRE
38,3.0,512,64,3.2840297296643257,5.719983980059624,FiRE
38,3.0,1024,8,5.852493107318878,12.173944234848022,FiRE
38,3.0,1024,16,6.302969168871641,11.976458624005318,FiRE
38,3.0,1024,32,6.299062956124544,11.689764149487019,FiRE
38,3.0,1024,64,6.247396145015955,11.464565973728895,FiRE
38,4.0,128,4,1.1044236347079277,2.1910581588745117,FiRE
38,4.0,128,8,1.0950985625386238,2.0092576555907726,FiRE
38,4.0,128,16,1.1076377220451832,1.925002809613943,FiRE
38,4.0,128,32,1.065752062946558,1.8429542258381844,FiRE
38,4.0,128,64,1.098313931375742,1.8159692212939262,FiRE
38,4.0,256,4,1.8987940177321434,4.107035659253597,FiRE
38,4.0,256,8,1.8977379016578197,3.7203191369771957,FiRE
38,4.0,256,16,1.9038632772862911,3.5266122855246067,FiRE
38,4.0,256,32,1.9106400720775127,3.4622969552874565,FiRE
38,4.0,256,64,1.8953695558011532,3.358958348631859,FiRE
38,4.0,512,4,3.494893439114094,7.803127016872168,FiRE
38,4.0,512,8,3.4884347207844257,7.131518669426441,FiRE
38,4.0,512,16,3.4896045476198196,6.781245231628418,FiRE
38,4.0,512,32,3.486796550452709,6.557752892374992,FiRE
38,4.0,512,64,3.497462522238493,6.410610109567642,FiRE
38,4.0,1024,4,6.6863841488957405,15.40956263244152,FiRE
38,4.0,1024,8,6.662394754588604,14.076307900249958,FiRE
38,4.0,1024,16,6.634715296328068,13.311087813228369,FiRE
38,4.0,1024,32,6.666428651660681,12.917015045881271,FiRE
38,4.0,1024,64,6.637280069291592,12.575884908437729,FiRE
38,5.0,128,4,1.1549740880727768,2.3508384451270103,FiRE
38,5.0,128,8,1.1634578928351402,2.182433243840933,FiRE
38,5.0,256,4,2.0364172384142876,4.419211279600859,FiRE
38,5.0,256,8,2.037179134786129,4.051729280501604,FiRE
38,5.0,512,4,3.766707707196474,8.551502831280231,FiRE
38,5.0,512,8,3.74834306538105,7.763327702879906,FiRE
38,5.0,1024,4,7.228241890668869,16.876550752669573,FiRE
38,5.0,1024,8,7.294338617473841,15.508165512233973,FiRE
38,7.0,128,4,1.2936074957251549,2.8370304368436337,FiRE
38,7.0,128,8,1.290490373969078,2.557899720966816,FiRE
38,7.0,256,4,2.4290550760924816,5.369985315948725,FiRE
38,7.0,256,8,2.392645787447691,5.058515954762697,FiRE
38,7.0,512,4,4.467579361051321,10.597817119210958,FiRE
38,7.0,512,8,4.244717814028263,9.291461285203695,FiRE
38,7.0,1024,4,8.793033715337515,20.634360801428556,FiRE
38,7.0,1024,8,8.788646019995213,19.468963533639908,FiRE
41,3.0,128,8,1.1118919551372528,2.0298042334616184,FiRE
41,3.0,128,16,1.1189193576574326,1.9304991886019707,FiRE
41,3.0,128,32,1.1195285841822624,1.8353959321975708,FiRE
41,3.0,128,64,1.1058248654007912,1.8657103180885315,FiRE
41,3.0,256,8,1.9267914146184921,3.746255673468113,FiRE
41,3.0,256,16,1.9146490953862667,3.5437121242284775,FiRE
41,3.0,256,32,1.913007140159607,3.3409341536462307,FiRE
41,3.0,256,64,2.0376510210335255,3.5588136315345764,FiRE
41,3.0,512,8,3.752897832542658,7.437229350209236,FiRE
41,3.0,512,16,3.507990922778845,6.524411574006081,FiRE
41,3.0,512,32,3.5092734321951866,6.627053759992123,FiRE
41,3.0,512,64,3.5100718587636948,6.561468135565519,FiRE
41,3.0,1024,8,7.24213383346796,14.107763178646564,FiRE
41,3.0,1024,16,7.233289126306772,13.824723355472088,FiRE
41,3.0,1024,32,7.244415786117315,13.495669234544039,FiRE
41,3.0,1024,64,7.2469664216041565,13.367269895970821,FiRE
41,4.0,128,4,1.241633802652359,2.396833587437868,FiRE
41,4.0,128,8,1.2405830286443233,2.289846632629633,FiRE
41,4.0,128,16,1.2310521714389324,2.1085058115422726,FiRE
41,4.0,128,32,1.2288142293691635,2.1278206557035446,FiRE
41,4.0,128,64,1.2286732606589794,2.009034041315317,FiRE
41,4.0,256,4,2.1514781527221203,4.618084155023098,FiRE
41,4.0,256,8,2.1474638544023037,4.234745658934116,FiRE
41,4.0,256,16,2.147444326430559,4.011020258069038,FiRE
41,4.0,256,32,2.145630970597267,3.9303923547267914,FiRE
41,4.0,256,64,2.1602590680122375,3.7091384530067444,FiRE
41,4.0,512,4,3.974505439400673,8.918220859020948,FiRE
41,4.0,512,8,3.9900933541357517,8.190565880388021,FiRE
41,4.0,512,16,3.9584439545869827,7.409097898751497,FiRE
41,4.0,512,32,3.966129545122385,7.26095275208354,FiRE
41,4.0,512,64,3.9755131117999554,7.071979731321335,FiRE
41,4.0,1024,4,7.698452595621347,17.00139058753848,FiRE
41,4.0,1024,8,7.690112937241793,16.148323372006416,FiRE
41,4.0,1024,16,7.699512381106615,15.276404917240143,FiRE
41,4.0,1024,32,7.685150943696499,14.905527286231518,FiRE
41,4.0,1024,64,7.741983022540808,14.840494859963655,FiRE
41,5.0,128,4,1.2713603079319,2.58821539580822,FiRE
41,5.0,128,8,1.3141140341758728,2.435029499232769,FiRE
41,5.0,256,4,2.281835399568081,4.916172116994858,FiRE
41,5.0,256,8,2.2896449118852615,4.49811103194952,FiRE
41,5.0,512,4,4.248239483684301,9.547110378742218,FiRE
41,5.0,512,8,4.252372190356255,9.088194318115711,FiRE
41,5.0,1024,4,8.301514122635126,19.772630259394646,FiRE
41,5.0,1024,8,8.33187909424305,18.141185496002436,FiRE
41,7.0,128,4,1.4343795627355576,3.042830977588892,FiRE
41,7.0,128,8,1.4337399415671825,2.7932155206799507,FiRE
41,7.0,256,4,2.577752973884344,5.762158043682575,FiRE
41,7.0,256,8,2.5782608427107334,5.450809855014086,FiRE
41,7.0,512,4,4.83059923350811,12.031209908425808,FiRE
41,7.0,512,8,5.072969369590282,11.372766595333815,FiRE
41,7.0,1024,4,9.361870095133781,23.956996019929647,FiRE
41,7.0,1024,8,9.924751777201891,22.571280252188444,FiRE
42,3.0,32,8,0.534050777554512,0.7611834369599819,FiRE
42,3.0,32,16,0.5336803644895554,0.735318087041378,FiRE
42,3.0,32,32,0.5353156365454197,0.7273480705916882,FiRE
42,3.0,64,8,0.7390440888702869,1.1823688708245754,FiRE
42,3.0,64,16,0.7421813011169434,1.1659096851944923,FiRE
42,3.0,64,32,0.7423867844045162,1.1204218119382858,FiRE
42,3.0,64,64,0.7697431929409504,1.1121996864676476,FiRE
42,3.0,128,8,1.1765799447894096,2.1181052289903164,FiRE
42,3.0,128,16,1.1859738640487194,2.0159233696758747,FiRE
42,3.0,128,32,1.2413562200963497,1.979548379778862,FiRE
42,3.0,128,64,1.1844900473952293,1.9622881934046745,FiRE
42,3.0,256,8,2.168857801705599,3.8944535069167614,FiRE
42,3.0,256,16,2.1928996071219444,3.8583074286580086,FiRE
42,3.0,256,32,2.041705798357725,3.627507619559765,FiRE
42,3.0,256,64,2.050202403217554,3.596640296280384,FiRE
42,3.0,512,8,4.020033787935972,7.767967414110899,FiRE
42,3.0,512,16,3.7534134052693844,7.079044923186302,FiRE
42,3.0,512,32,3.7593120746314526,6.912402529269457,FiRE
42,3.0,512,64,3.7486935816705227,6.829074788838625,FiRE
45,3.0,128,8,1.3341294564306736,2.3305238150060177,FiRE
45,3.0,128,16,1.3331469595432281,2.233335118740797,FiRE
45,3.0,128,32,1.3297923803329468,2.1827529668807983,FiRE
45,3.0,128,64,1.3360043354332447,2.172126155346632,FiRE
45,3.0,256,8,2.3055213019251823,4.314553998410702,FiRE
45,3.0,256,16,2.293635342270136,4.098141945898533,FiRE
45,3.0,256,32,2.2829298824071884,3.9703453592956066,FiRE
45,3.0,256,64,2.305650744587183,3.9674800150096416,FiRE
45,3.0,512,8,4.493091110140085,8.52562391012907,FiRE
45,3.0,512,16,4.518218133598566,8.098266385495663,FiRE
45,3.0,512,32,4.23118307441473,7.6362519934773445,FiRE
45,3.0,512,64,4.54700880497694,7.91461768746376,FiRE
45,3.0,1024,8,,,FiRE
45,3.0,1024,16,,,FiRE
45,3.0,1024,32,,,FiRE
45,3.0,1024,64,,,FiRE
45,4.0,128,4,1.4725537560880184,2.8769077733159065,FiRE
45,4.0,128,8,1.4716140404343605,2.6516224294900894,FiRE
45,4.0,128,16,1.479485858231783,2.541394714266062,FiRE
45,4.0,128,32,1.4731268025934696,2.4773275554180145,FiRE
45,4.0,128,64,1.4670054987072945,2.439805392175913,FiRE
45,4.0,256,4,2.5595326386392117,5.3587143458426,FiRE
45,4.0,256,8,2.543305918574333,4.9062504433095455,FiRE
45,4.0,256,16,2.573712956160307,4.685116793960333,FiRE
45,4.0,256,32,2.550009857863188,4.543645713478327,FiRE
45,4.0,256,64,2.554998926818371,4.526740871369839,FiRE
45,4.0,512,4,4.800783704966307,10.410748843103647,FiRE
45,4.0,512,8,4.779900014400482,9.457483846694231,FiRE
45,4.0,512,16,4.79651403054595,9.021681349724531,FiRE
45,4.0,512,32,4.8004024140536785,8.796425871551037,FiRE
45,4.0,512,64,4.818337570875883,8.75800872221589,FiRE
45,4.0,1024,4,,,FiRE
45,4.0,1024,8,,,FiRE
45,4.0,1024,16,,,FiRE
45,4.0,1024,32,,,FiRE
45,4.0,1024,64,,,FiRE
45,5.0,128,4,1.4972910098731518,3.0222122743725777,FiRE
45,5.0,128,8,1.5707618407905102,2.866317082196474,FiRE
45,5.0,256,4,2.733131743967533,5.792732574045658,FiRE
45,5.0,256,8,2.7229856215417385,5.336879283189774,FiRE
45,5.0,512,4,5.119507040828466,11.250722508877516,FiRE
45,5.0,512,8,5.1298767775297165,10.36316654086113,FiRE
45,5.0,1024,4,,,FiRE
45,5.0,1024,8,,,FiRE
45,7.0,128,4,1.711007732897997,3.6036846078932285,FiRE
45,7.0,128,8,1.7070396281778812,3.318567741662264,FiRE
45,7.0,256,4,3.020255886018276,7.010534215718508,FiRE
45,7.0,256,8,2.99662384390831,6.2386039309203625,FiRE
45,7.0,512,4,5.66573341190815,13.272170346230268,FiRE
45,7.0,512,8,5.667834065854549,12.513084027916193,FiRE
45,7.0,1024,4,,,FiRE
45,7.0,1024,8,,,FiRE
48,3.0,32,8,0.6521338671445847,0.9345127046108246,FiRE
48,3.0,32,16,0.6434299349784851,0.8927334994077682,FiRE
48,3.0,32,32,0.6548695974051952,0.8916843943297863,FiRE
48,3.0,64,8,0.9710615389049053,1.5266300924122334,FiRE
48,3.0,64,16,0.922501266002655,1.4183704666793346,FiRE
48,3.0,64,32,0.9250156804919243,1.3443000800907612,FiRE
48,3.0,64,64,0.9264834448695183,1.3890933357179165,FiRE
48,3.0,128,8,1.5161146745085716,2.6139191947877407,FiRE
48,3.0,128,16,1.5048955045640469,2.477228157222271,FiRE
48,3.0,128,32,1.5192160606384277,2.440203368663788,FiRE
48,3.0,128,64,1.5847950614988804,2.490276549011469,FiRE
48,3.0,256,8,2.6884984001517296,4.8574467450380325,FiRE
48,3.0,256,16,2.6881091594696045,4.621379390358925,FiRE
48,3.0,256,32,2.6880459673702717,4.511984318494797,FiRE
48,3.0,256,64,2.8387767523527145,4.630863089114428,FiRE
48,3.0,512,8,5.292258333414793,9.652724042534828,FiRE
48,3.0,512,16,5.301985278725624,9.192066218703985,FiRE
48,3.0,512,32,5.291874814778566,8.968784280121326,FiRE
48,3.0,512,64,4.954268597066402,8.547186587005854,FiRE
49,3.0,128,8,1.556976605206728,2.6579122096300125,FiRE
49,3.0,128,16,1.5515746138989925,2.527320221066475,FiRE
49,3.0,128,32,1.5625486001372337,2.499767579138279,FiRE
49,3.0,128,64,1.5472770147025585,2.4712149649858475,FiRE
49,3.0,256,8,2.7426252514123917,4.9715982265770435,FiRE
49,3.0,256,16,2.720176350325346,4.721190467476845,FiRE
49,3.0,256,32,2.7440672032535076,4.620075095444918,FiRE
49,3.0,256,64,2.7332777567207813,4.570926766842604,FiRE
49,3.0,512,8,5.43673275411129,9.912476100027561,FiRE
49,3.0,512,16,5.106808852404356,9.115728221833706,FiRE
49,3.0,512,32,5.125987749546766,8.886860400438309,FiRE
49,3.0,512,64,5.452906239777803,9.086686350405216,FiRE
49,3.0,1024,8,,,FiRE
49,3.0,1024,16,,,FiRE
49,3.0,1024,32,,,FiRE
49,3.0,1024,64,,,FiRE
49,4.0,128,4,1.7018131650984287,3.3403921090066433,FiRE
49,4.0,128,8,1.6799612380564213,2.949405886232853,FiRE
49,4.0,128,16,1.6998310275375843,2.835044890642166,FiRE
49,4.0,128,32,1.7027380838990211,2.9151937030255795,FiRE
49,4.0,128,64,1.6984048299491405,2.75233019515872,FiRE
49,4.0,256,4,3.0170505978167057,6.329618088901043,FiRE
49,4.0,256,8,3.0225952826440334,5.561862926930189,FiRE
49,4.0,256,16,3.0373114868998528,5.3097794987261295,FiRE
49,4.0,256,32,3.020984422415495,5.190366063266993,FiRE
49,4.0,256,64,3.034725148230791,5.175549510866404,FiRE
49,4.0,512,4,5.76203378289938,11.843341141939163,FiRE
49,4.0,512,8,5.711754370480776,11.358131367713213,FiRE
49,4.0,512,16,5.699858918786049,10.806891337037086,FiRE
49,4.0,512,32,5.713138829916716,10.563943430781364,FiRE
49,4.0,512,64,5.7217967957258224,10.504619922488928,FiRE
49,4.0,1024,4,,,FiRE
49,4.0,1024,8,,,FiRE
49,4.0,1024,16,,,FiRE
49,4.0,1024,32,,,FiRE
49,4.0,1024,64,,,FiRE
49,5.0,128,4,1.7958777099847794,3.488211028277874,FiRE
49,5.0,128,8,1.8010595701634884,3.411901470273733,FiRE
49,5.0,256,4,3.2215321622788906,6.652211282402277,FiRE
49,5.0,256,8,3.217117264866829,6.1279160641133785,FiRE
49,5.0,512,4,6.065760355442762,12.957989864051342,FiRE
49,5.0,512,8,6.050149194896221,11.85622825473547,FiRE
49,5.0,1024,4,,,FiRE
49,5.0,1024,8,,,FiRE
49,7.0,128,4,1.957747995853424,4.006613660603762,FiRE
49,7.0,128,8,1.9704720973968506,3.755912631750107,FiRE
49,7.0,256,4,3.5403639525175095,7.6153867691755295,FiRE
49,7.0,256,8,3.6968972869217396,7.233995426446199,FiRE
49,7.0,512,4,7.023907084017992,15.653447274118662,FiRE
49,7.0,512,8,7.091453127563,14.212567828595638,FiRE
49,7.0,1024,4,,,FiRE
49,7.0,1024,8,,,FiRE
53,3.0,128,8,1.798041507601738,3.111631691455841,FiRE
53,3.0,128,16,1.795432347804308,2.9787918776273727,FiRE
53,3.0,128,32,1.7904269732534885,2.9136389791965485,FiRE
53,3.0,128,64,1.8034299798309803,2.9149359576404095,FiRE
53,3.0,256,8,3.17261615768075,5.78660150244832,FiRE
53,3.0,256,16,3.178092557936907,5.529010631144047,FiRE
53,3.0,256,32,3.178985834121704,5.4280176386237144,FiRE
53,3.0,256,64,3.3776092864573,5.598849091678858,FiRE
53,3.0,512,8,5.9617477133870125,11.403049807995558,FiRE
53,3.0,512,16,5.953868802636862,10.68950517103076,FiRE
53,3.0,512,32,5.937491420656443,10.425619952380657,FiRE
53,3.0,512,64,5.959908898919821,,FiRE
53,3.0,1024,8,,,FiRE
53,3.0,1024,16,,,FiRE
53,3.0,1024,32,,,FiRE
53,3.0,1024,64,,,FiRE
53,4.0,128,4,1.916005715727806,3.707367669790983,FiRE
53,4.0,128,8,1.9502101317048073,3.427973624318838,FiRE
53,4.0,128,16,1.9732043705880642,3.3395965807139874,FiRE
53,4.0,128,32,1.9484769366681576,3.2242914214730263,FiRE
53,4.0,128,64,1.9521232396364212,3.2392619028687477,FiRE
53,4.0,256,4,3.5091959424316883,7.007711119949818,FiRE
53,4.0,256,8,3.5020897202193737,6.516117427498102,FiRE
53,4.0,256,16,3.514903239905834,6.20398710295558,FiRE
53,4.0,256,32,3.500887870788574,6.1059350818395615,FiRE
53,4.0,256,64,3.488739524036646,6.033280324190855,FiRE
53,4.0,512,4,6.652067057788372,13.66090813651681,FiRE
53,4.0,512,8,6.6360276229679585,12.698409866541624,FiRE
53,4.0,512,16,6.632553014904261,12.005990628153086,FiRE
53,4.0,512,32,6.613588556647301,11.790526553988457,FiRE
53,4.0,512,64,6.6298261769115925,,FiRE
53,4.0,1024,4,,,FiRE
53,4.0,1024,8,,,FiRE
53,4.0,1024,16,,,FiRE
53,4.0,1024,32,,,FiRE
53,4.0,1024,64,,,FiRE
53,5.0,128,4,2.0584540963172913,4.0023801773786545,FiRE
53,5.0,128,8,2.0622495971620083,3.759315099567175,FiRE
53,5.0,256,4,3.5984480157494545,7.511996727436781,FiRE
53,5.0,256,8,3.700842097401619,7.060880851000547,FiRE
53,5.0,512,4,6.990937042981386,14.848110683262348,FiRE
53,5.0,512,8,6.985013280063868,13.705911971628666,FiRE
53,5.0,1024,4,,,FiRE
53,5.0,1024,8,,,FiRE
53,7.0,128,4,2.3358665741980076,4.676715116947889,FiRE
53,7.0,128,8,2.2268324606120586,4.283588666468859,FiRE
53,7.0,256,4,4.09567204490304,9.060153141617775,FiRE
53,7.0,256,8,4.064908724278212,8.180116582661867,FiRE
53,7.0,512,4,8.15724604204297,18.066375724971294,FiRE
53,7.0,512,8,7.700519226491451,16.304873540997505,FiRE
53,7.0,1024,4,,,FiRE
53,7.0,1024,8,,,FiRE
55,3.0,32,8,0.807632140815258,1.1561239250004292,FiRE
55,3.0,32,16,0.8075137957930565,1.124953966587782,FiRE
55,3.0,32,32,0.8068775050342083,1.0798543505370617,FiRE
55,3.0,64,8,1.1540225222706795,1.8380999453365803,FiRE
55,3.0,64,16,1.147912546992302,1.765516996383667,FiRE
55,3.0,64,32,1.1542781218886375,1.7384990751743317,FiRE
55,3.0,64,64,1.1511659175157547,1.7257630191743374,FiRE
55,3.0,128,8,1.9220867678523064,3.288251359015703,FiRE
55,3.0,128,16,1.9128270335495472,3.137880101799965,FiRE
55,3.0,128,32,2.0118456445634365,3.1708068288862705,FiRE
55,3.0,128,64,2.0151029005646706,3.1429948955774307,FiRE
55,3.0,256,8,3.3777383267879486,6.039932329207659,FiRE
55,3.0,256,16,3.3593999594449997,5.822889052331448,FiRE
55,3.0,256,32,3.364977467805147,5.703601609915495,FiRE
55,3.0,256,64,3.345942247658968,5.609384573996067,FiRE
55,3.0,512,8,6.335083108395338,11.820700101554394,FiRE
55,3.0,512,16,6.719720721244812,11.665544390678406,FiRE
55,3.0,512,32,6.351910375058651,10.983538806438446,FiRE
55,3.0,512,64,6.713570866733789,,FiRE
58,3.0,128,8,2.192580457776785,3.6328121423721313,FiRE
58,3.0,128,16,2.2945302054286003,3.6040628999471664,FiRE
58,3.0,128,32,2.186536770313978,3.421203337609768,FiRE
58,3.0,128,64,2.18247427418828,,FiRE
58,3.0,256,8,4.096003539860249,6.967971917241812,FiRE
58,3.0,256,16,3.9014790132641792,6.500373113900423,FiRE
58,3.0,256,32,4.0969396606087685,6.56660046428442,FiRE
58,3.0,256,64,3.8886652439832687,,FiRE
58,3.0,512,8,7.755648531019688,13.569640416651964,FiRE
58,3.0,512,16,7.741730768233538,12.971087921410799,FiRE
58,3.0,512,32,7.317078325897455,12.281309012323618,FiRE
58,3.0,512,64,7.738295655697584,,FiRE
58,3.0,1024,8,,,FiRE
58,3.0,1024,16,,,FiRE
58,3.0,1024,32,,,FiRE
58,3.0,1024,64,,,FiRE
58,4.0,128,4,2.3820747546851635,4.307600781321526,FiRE
58,4.0,128,8,2.39880533143878,4.035894617438316,FiRE
58,4.0,128,16,2.373470563441515,3.8662510849535465,FiRE
58,4.0,128,32,2.3304890990257263,3.75437518581748,FiRE
58,4.0,128,64,2.3723370656371117,,FiRE
58,4.0,256,4,4.284491039812565,8.12958000600338,FiRE
58,4.0,256,8,4.288093704730272,7.537343457341194,FiRE
58,4.0,256,16,4.284956470131874,7.289919503033161,FiRE
58,4.0,256,32,4.288030743598938,7.154872316867113,FiRE
58,4.0,256,64,4.298872321844101,,FiRE
58,4.0,512,4,8.107937853783369,15.850171696394682,FiRE
58,4.0,512,8,8.135506551712751,14.76245528459549,FiRE
58,4.0,512,16,8.08858498558402,14.100061014294624,FiRE
58,4.0,512,32,8.096192959696054,13.806163161993027,FiRE
58,4.0,512,64,8.097629208117723,,FiRE
58,4.0,1024,4,,,FiRE
58,4.0,1024,8,,,FiRE
58,4.0,1024,16,,,FiRE
58,4.0,1024,32,,,FiRE
58,4.0,1024,64,,,FiRE
58,5.0,128,4,2.4976529516279697,4.648141082376242,FiRE
58,5.0,128,8,2.4703430272638798,4.320537801831961,FiRE
58,5.0,256,4,4.512984823435545,8.812419764697552,FiRE
58,5.0,256,8,4.493567168712616,8.159266982227564,FiRE
58,5.0,512,4,8.572540301829576,17.183466009795666,FiRE
58,5.0,512,8,8.49179695919156,15.893855184316635,FiRE
58,5.0,1024,4,,,FiRE
58,5.0,1024,8,,,FiRE
58,7.0,128,4,2.6963561922311783,5.254205517470837,FiRE
58,7.0,128,8,2.6871965304017067,4.924334991723299,FiRE
58,7.0,256,4,4.871955122798681,10.01822965964675,FiRE
58,7.0,256,8,4.877977095544338,9.358148731291294,FiRE
58,7.0,512,4,9.318807411938906,20.096998121589422,FiRE
58,7.0,512,8,9.857034854590893,19.230804417282343,FiRE
58,7.0,1024,4,,,FiRE
58,7.0,1024,8,,,FiRE
63,3.0,32,8,0.9806700088083744,1.3889479041099548,FiRE
63,3.0,32,16,0.9888073243200779,1.386603455990553,FiRE
63,3.0,32,32,0.9904047250747681,1.374444704502821,FiRE
63,3.0,64,8,1.46285205706954,2.328647144138813,FiRE
63,3.0,64,16,1.469833992421627,2.2564771696925163,FiRE
63,3.0,64,32,1.4636038057506084,2.2256229743361473,FiRE
63,3.0,64,64,1.4637605361640453,,FiRE
63,3.0,128,8,2.465373083949089,4.186525069177151,FiRE
63,3.0,128,16,2.461517371237278,4.017279267311096,FiRE
63,3.0,128,32,2.4724101312458515,3.9615706503391266,FiRE
63,3.0,128,64,2.581644058227539,,FiRE
63,3.0,256,8,4.412969656288624,7.843356911092997,FiRE
63,3.0,256,16,4.616918034851551,7.748445026576519,FiRE
63,3.0,256,32,4.404063299298286,7.392343379557133,FiRE
63,3.0,256,64,4.635616011917591,,FiRE
63,3.0,512,8,8.236017126590014,15.151948139071465,FiRE
63,3.0,512,16,8.773492876440287,15.018733214586973,FiRE
63,3.0,512,32,8.231811244040728,14.23338072001934,FiRE
63,3.0,512,64,8.245734717696905,,FiRE
63,3.0,1024,8,,,FiRE
63,3.0,1024,16,,,FiRE
63,3.0,1024,32,,,FiRE
63,3.0,1024,64,,,FiRE
63,4.0,128,4,2.6186856031417847,4.875101990997791,FiRE
63,4.0,128,8,2.665188755840063,4.598365664482117,FiRE
63,4.0,128,16,2.669201288372278,4.446186810731888,FiRE
63,4.0,128,32,2.635094925761223,4.338230844587088,FiRE
63,4.0,128,64,2.6648033186793327,,FiRE
63,4.0,256,4,4.802918728441,9.337943945080042,FiRE
63,4.0,256,8,4.817519284784794,8.714945815503597,FiRE
63,4.0,256,16,4.775212310254574,8.33094198256731,FiRE
63,4.0,256,32,4.798668317496777,8.209490079432726,FiRE
63,4.0,256,64,4.777624398469925,,FiRE
63,4.0,512,4,9.10507594794035,18.119120609015226,FiRE
63,4.0,512,8,9.114981055259705,16.9265522249043,FiRE
63,4.0,512,16,9.127756036818027,16.19855172559619,FiRE
63,4.0,512,32,9.10828921571374,16.05743385106325,FiRE
63,4.0,512,64,9.130239464342594,,FiRE
63,4.0,1024,4,,,FiRE
63,4.0,1024,8,,,FiRE
63,4.0,1024,16,,,FiRE
63,4.0,1024,32,,,FiRE
63,4.0,1024,64,,,FiRE
63,5.0,128,4,2.8109092600643635,5.357348185032606,FiRE
63,5.0,128,8,2.8051810935139656,5.004470370709896,FiRE
63,5.0,256,4,5.058303914964199,10.114744994789362,FiRE
63,5.0,256,8,5.060970280319452,9.442118972539902,FiRE
63,5.0,512,4,9.616414453834295,19.862258903682232,FiRE
63,5.0,512,8,9.620752047747374,18.48122214153409,FiRE
63,5.0,1024,4,,,FiRE
63,5.0,1024,8,,,FiRE
63,7.0,128,4,3.0074761547148228,6.043963868170977,FiRE
63,7.0,128,8,3.0253017880022526,5.677399903535843,FiRE
63,7.0,256,4,5.5128929652273655,11.589812979102135,FiRE
63,7.0,256,8,5.510251473635435,10.859107993543148,FiRE
63,7.0,512,4,10.519613023847342,22.699672903865576,FiRE
63,7.0,512,8,11.044125754386187,21.634509440511465,FiRE
63,7.0,1024,4,,,FiRE
63,7.0,1024,8,,,FiRE
68,3.0,128,8,3.2018975652754307,5.122396141290665,FiRE
68,3.0,128,16,3.2267941534519196,4.960222590714693,FiRE
68,3.0,128,32,3.2227608375251293,4.90632876008749,FiRE
68,3.0,128,64,3.217055581510067,,FiRE
68,3.0,256,8,5.872745048254728,9.68140173330903,FiRE
68,3.0,256,16,5.9005382396280766,9.424457248300314,FiRE
68,3.0,256,32,6.220376204699278,9.568932369351387,FiRE
68,3.0,256,64,5.884779520332813,,FiRE
68,3.0,512,8,11.173074644058943,18.911009535193443,FiRE
68,3.0,512,16,11.77310499921441,18.858524560928345,FiRE
68,3.0,512,32,11.175894863903522,18.052368227392435,FiRE
68,3.0,512,64,11.759591683745384,,FiRE
68,3.0,1024,8,,,FiRE
68,3.0,1024,16,,,FiRE
68,3.0,1024,32,,,FiRE
68,3.0,1024,64,,,FiRE
68,4.0,128,4,3.4732375741004944,6.049594521522522,FiRE
68,4.0,128,8,3.47593916580081,5.668961059302092,FiRE
68,4.0,128,16,3.4761209189891815,5.488831862807274,FiRE
68,4.0,128,32,3.4176188968122005,5.368689492344856,FiRE
68,4.0,128,64,3.4706391282379627,,FiRE
68,4.0,256,4,6.3990272507071495,11.518528688699007,FiRE
68,4.0,256,8,6.405035227537155,10.812489461153746,FiRE
68,4.0,256,16,6.4798243045806885,10.507238786667585,FiRE
68,4.0,256,32,6.429048907011747,10.304001726210117,FiRE
68,4.0,256,64,6.430224008858204,,FiRE
68,4.0,512,4,12.233100801706314,22.640702284872532,FiRE
68,4.0,512,8,12.241761345416307,21.04954930022359,FiRE
68,4.0,512,16,12.216411903500557,20.265167374163866,FiRE
68,4.0,512,32,12.272885631769896,20.121575389057398,FiRE
68,4.0,512,64,12.27458856627345,,FiRE
68,4.0,1024,4,,,FiRE
68,4.0,1024,8,,,FiRE
68,4.0,1024,16,,,FiRE
68,4.0,1024,32,,,FiRE
68,4.0,1024,64,,,FiRE
68,5.0,128,4,3.6288198307156563,6.5104766599833965,FiRE
68,5.0,128,8,3.6251316778361797,6.058169819414616,FiRE
68,5.0,256,4,6.725271452218294,12.363778058439493,FiRE
68,5.0,256,8,6.767020530998707,11.784950941801071,FiRE
68,5.0,512,4,12.901953522115946,24.366676431149244,FiRE
68,5.0,512,8,12.860516469925642,22.73261220008135,FiRE
68,5.0,1024,4,,,FiRE
68,5.0,1024,8,,,FiRE
68,7.0,128,4,3.8670683316886425,7.23651697486639,FiRE
68,7.0,128,8,4.052137523889542,7.032729338854551,FiRE
68,7.0,256,4,7.241103604435921,14.006286304444075,FiRE
68,7.0,256,8,7.247514095157385,13.11934807524085,FiRE
68,7.0,512,4,13.836558811366558,27.3495729342103,FiRE
68,7.0,512,8,13.865841198712587,26.296372070908546,FiRE
68,7.0,1024,4,,,FiRE
68,7.0,1024,8,,,FiRE
72,3.0,32,8,1.322618056088686,1.8534261770546436,FiRE
72,3.0,32,16,1.3364504501223564,1.8193859532475471,FiRE
72,3.0,32,32,1.3340410180389881,1.7981184124946594,FiRE
72,3.0,64,8,2.206938236951828,3.239568840712309,FiRE
72,3.0,64,16,2.101932056248188,3.0348527915775776,FiRE
72,3.0,64,32,2.1024758741259575,2.9975094720721245,FiRE
72,3.0,64,64,2.1043912656605244,,FiRE
72,3.0,128,8,3.623966448009014,5.670364562422037,FiRE
72,3.0,128,16,3.621374759823084,5.522056203335524,FiRE
72,3.0,128,32,3.6223463267087936,5.441341068595648,FiRE
72,3.0,128,64,3.619652397930622,,FiRE
72,3.0,256,8,6.673664327710867,10.767257876694202,FiRE
72,3.0,256,16,7.054444305598736,10.779732320457697,FiRE
72,3.0,256,32,6.670779623091221,10.311524622142315,FiRE
72,3.0,256,64,6.685816798359156,,FiRE
72,3.0,512,8,12.720929428935051,21.05216558650136,FiRE
72,3.0,512,16,12.732750307768583,20.385983046144247,FiRE
72,3.0,512,32,13.440353348851204,,FiRE
72,3.0,512,64,12.786539778113365,,FiRE
74,3.0,128,8,3.8289198726415634,6.232668735086918,FiRE
74,3.0,128,16,3.996357288211584,5.921696670353413,FiRE
74,3.0,128,32,3.8315644562244415,5.691017560660839,FiRE
74,3.0,128,64,3.816114217042923,,FiRE
74,3.0,256,8,7.0395844131708145,11.831052243709564,FiRE
74,3.0,256,16,7.047747362405062,11.468890279531479,FiRE
74,3.0,256,32,7.0743248499929905,11.329197879880667,FiRE
74,3.0,256,64,7.491231579333544,,FiRE
74,3.0,512,8,13.597832396626472,23.199545193463564,FiRE
74,3.0,512,16,13.605375334620476,22.465469751507044,FiRE
74,3.0,512,32,13.623031284660101,,FiRE
74,3.0,512,64,13.628903903067112,,FiRE
74,3.0,1024,8,,,FiRE
74,3.0,1024,16,,,FiRE
74,3.0,1024,32,,,FiRE
74,3.0,1024,64,,,FiRE
74,4.0,128,4,4.071341190487146,7.132721673697233,FiRE
74,4.0,128,8,4.14988736063242,6.820000063627958,FiRE
74,4.0,128,16,4.142980966717005,6.326649896800518,FiRE
74,4.0,128,32,4.139416072517633,6.540500041097403,FiRE
74,4.0,128,64,4.135044813156128,,FiRE
74,4.0,256,4,7.673528157174587,13.794660117477179,FiRE
74,4.0,256,8,7.68201107531786,12.975898992270231,FiRE
74,4.0,256,16,7.692778434604406,12.617464948445559,FiRE
74,4.0,256,32,7.69919765368104,12.440585892647505,FiRE
74,4.0,256,64,7.669503513723612,,FiRE
74,4.0,512,4,14.77315105497837,26.97445298358798,FiRE
74,4.0,512,8,14.747289285063744,25.32923001796007,FiRE
74,4.0,512,16,14.83461831137538,24.688958171755075,FiRE
74,4.0,512,32,14.703520629554987,,FiRE
74,4.0,512,64,14.694363731890917,,FiRE
74,4.0,1024,4,,,FiRE
74,4.0,1024,8,,,FiRE
74,4.0,1024,16,,,FiRE
74,4.0,1024,32,,,FiRE
74,4.0,1024,64,,,FiRE
74,5.0,128,4,4.312409806996584,7.451537296175957,FiRE
74,5.0,128,8,4.301713079214096,7.3356658183038235,FiRE
74,5.0,256,4,8.056393150240183,14.900639954954386,FiRE
74,5.0,256,8,8.069099802523851,14.122867237776518,FiRE
74,5.0,512,4,15.522172663360834,29.387214105576277,FiRE
74,5.0,512,8,15.532021299004555,27.604478411376476,FiRE
74,5.0,1024,4,,,FiRE
74,5.0,1024,8,,,FiRE
74,7.0,128,4,4.598144378513098,8.837172005325556,FiRE
74,7.0,128,8,4.580411817878485,7.843339201062918,FiRE
74,7.0,256,4,8.585103627294302,16.309378188103437,FiRE
74,7.0,256,8,8.588431145995855,15.803389512002468,FiRE
74,7.0,512,4,16.597717687487602,31.929429411888123,FiRE
74,7.0,512,8,16.617349572479725,31.709089789539576,FiRE
74,7.0,1024,4,,,FiRE
74,7.0,1024,8,,,FiRE
81,3.0,128,8,4.546856552362442,7.214753624051809,FiRE
81,3.0,128,16,4.555279616266489,7.006332155317068,FiRE
81,3.0,128,32,4.531617298722267,,FiRE
81,3.0,128,64,4.526546996086836,,FiRE
81,3.0,256,8,8.92739524692297,14.229440998286009,FiRE
81,3.0,256,16,8.499572820961475,13.341573171317577,FiRE
81,3.0,256,32,8.462583407759666,,FiRE
81,3.0,256,64,8.95033073797822,,FiRE
81,3.0,512,8,,,FiRE
81,3.0,512,16,,,FiRE
81,3.0,512,32,,,FiRE
81,3.0,512,64,,,FiRE
81,3.0,1024,8,,,FiRE
81,3.0,1024,16,,,FiRE
81,3.0,1024,32,,,FiRE
81,3.0,1024,64,,,FiRE
81,4.0,128,4,4.898155275732279,8.365726877003908,FiRE
81,4.0,128,8,4.812032952904701,7.855554610490799,FiRE
81,4.0,128,16,4.928393132984638,7.712337881326675,FiRE
81,4.0,128,32,4.806755669414997,,FiRE
81,4.0,128,64,4.887662537395954,,FiRE
81,4.0,256,4,9.015601608902216,15.935559518635273,FiRE
81,4.0,256,8,9.222546625882387,15.321713458746672,FiRE
81,4.0,256,16,9.154975060373545,14.772127006202936,FiRE
81,4.0,256,32,9.181511003524065,,FiRE
81,4.0,256,64,9.169966127723455,,FiRE
81,4.0,512,4,,,FiRE
81,4.0,512,8,,,FiRE
81,4.0,512,16,,,FiRE
81,4.0,512,32,,,FiRE
81,4.0,512,64,,,FiRE
81,4.0,1024,4,,,FiRE
81,4.0,1024,8,,,FiRE
81,4.0,1024,16,,,FiRE
81,4.0,1024,32,,,FiRE
81,4.0,1024,64,,,FiRE
81,5.0,128,4,5.083224385976791,8.862480498850346,FiRE
81,5.0,128,8,5.078518707305193,,FiRE
81,5.0,256,4,9.597495701164007,17.114025861024857,FiRE
81,5.0,256,8,9.587664529681206,,FiRE
81,5.0,512,4,,,FiRE
81,5.0,512,8,,,FiRE
81,5.0,1024,4,,,FiRE
81,5.0,1024,8,,,FiRE
81,7.0,128,4,5.403406694531441,9.905527099967003,FiRE
81,7.0,128,8,5.39832179248333,,FiRE
81,7.0,256,4,10.21583305299282,19.2103224247694,FiRE
81,7.0,256,8,10.232470791786909,,FiRE
81,7.0,512,4,,,FiRE
81,7.0,512,8,,,FiRE
81,7.0,1024,4,,,FiRE
81,7.0,1024,8,,,FiRE
82,3.0,32,8,1.6905070170760155,2.3737047761678696,FiRE
82,3.0,32,16,1.6812859140336514,2.314420662820339,FiRE
82,3.0,32,32,1.6770177111029625,,FiRE
82,3.0,64,8,2.7246660254895687,4.077692408114672,FiRE
82,3.0,64,16,2.729457538574934,3.9681148529052734,FiRE
82,3.0,64,32,2.7261959947645664,,FiRE
82,3.0,64,64,2.725979119539261,,FiRE
82,3.0,128,8,4.7937080934643745,7.51037634909153,FiRE
82,3.0,128,16,4.774716150015593,7.291008945554495,FiRE
82,3.0,128,32,4.792605396360159,,FiRE
82,3.0,128,64,4.796037919819355,,FiRE
82,3.0,256,8,8.907624788582325,14.307114500552416,FiRE
82,3.0,256,16,8.898928962647915,13.871773235499859,FiRE
82,3.0,256,32,8.86264530941844,,FiRE
82,3.0,256,64,8.899534422904253,,FiRE
82,3.0,512,8,,,FiRE
82,3.0,512,16,,,FiRE
82,3.0,512,32,,,FiRE
82,3.0,512,64,,,FiRE
88,3.0,128,8,5.598983865231276,8.572395652532578,FiRE
88,3.0,128,16,5.563793063163757,8.339614648371935,FiRE
88,3.0,128,32,5.570942766964436,,FiRE
88,3.0,128,64,5.817599643021822,,FiRE
88,3.0,256,8,10.458585485816002,16.395656529814005,FiRE
88,3.0,256,16,10.42474951222539,15.874054856598377,FiRE
88,3.0,256,32,10.42238749191165,,FiRE
88,3.0,256,64,10.438741762191057,,FiRE
88,3.0,512,8,,,FiRE
88,3.0,512,16,,,FiRE
88,3.0,512,32,,,FiRE
88,3.0,512,64,,,FiRE
88,3.0,1024,8,,,FiRE
88,3.0,1024,16,,,FiRE
88,3.0,1024,32,,,FiRE
88,3.0,1024,64,,,FiRE
88,4.0,128,4,5.988876536488533,9.829335026443005,FiRE
88,4.0,128,8,6.031334429979324,9.71913779899478,FiRE
88,4.0,128,16,5.996468175202608,9.073100544512272,FiRE
88,4.0,128,32,6.0289356000721455,,FiRE
88,4.0,128,64,5.921537913382053,,FiRE
88,4.0,256,4,11.343157168477774,19.02936501801014,FiRE
88,4.0,256,8,11.302063580602407,17.946267623454332,FiRE
88,4.0,256,16,11.306008838117123,17.487898770719767,FiRE
88,4.0,256,32,11.317167427390814,,FiRE
88,4.0,256,64,11.324357818812132,,FiRE
88,4.0,512,4,,,FiRE
88,4.0,512,8,,,FiRE
88,4.0,512,16,,,FiRE
88,4.0,512,32,,,FiRE
88,4.0,512,64,,,FiRE
88,4.0,1024,4,,,FiRE
88,4.0,1024,8,,,FiRE
88,4.0,1024,16,,,FiRE
88,4.0,1024,32,,,FiRE
88,4.0,1024,64,,,FiRE
88,5.0,128,4,6.07674066349864,10.369416419416666,FiRE
88,5.0,256,4,11.737394828349352,21.2006383985281,FiRE
88,5.0,512,4,,,FiRE
88,5.0,1024,4,,,FiRE
88,7.0,128,4,6.558506350964308,11.803306866437197,FiRE
88,7.0,256,4,12.514845199882984,22.962907169014215,FiRE
88,7.0,512,4,,,FiRE
88,7.0,1024,4,,,FiRE
94,3.0,32,8,2.225153762847185,3.126130983233452,FiRE
94,3.0,32,16,2.2135237604379654,2.958754852414131,FiRE
94,3.0,32,32,2.226555749773979,,FiRE
94,3.0,64,8,3.616177059710026,5.433440938591957,FiRE
94,3.0,64,16,3.612313933670521,5.302610665559769,FiRE
94,3.0,64,32,3.625182930380106,,FiRE
94,3.0,64,64,3.623324751853943,,FiRE
94,3.0,128,8,6.44894278049469,10.032916486263275,FiRE
94,3.0,128,16,6.458762984722853,9.78404325991869,FiRE
94,3.0,128,32,6.446271572262049,,FiRE
94,3.0,128,64,6.448295120149851,,FiRE
94,3.0,256,8,12.130777720361948,19.30101665481925,FiRE
94,3.0,256,16,12.098042376339436,18.825400605797768,FiRE
94,3.0,256,32,12.11883995309472,,FiRE
94,3.0,256,64,12.116762708872557,,FiRE
94,3.0,512,8,,,FiRE
94,3.0,512,16,,,FiRE
94,3.0,512,32,,,FiRE
94,3.0,512,64,,,FiRE
96,3.0,128,8,7.207563064992428,11.023247711360455,FiRE
96,3.0,128,16,7.232935834676027,10.81437337398529,FiRE
96,3.0,128,32,7.189915150403976,,FiRE
96,3.0,128,64,7.183469265699387,,FiRE
96,3.0,256,8,13.635026145726442,21.31176507472992,FiRE
96,3.0,256,16,13.623911079019308,20.743059527128935,FiRE
96,3.0,256,32,13.626631658524275,,FiRE
96,3.0,256,64,13.64162927865982,,FiRE
96,3.0,512,8,,,FiRE
96,3.0,512,16,,,FiRE
96,3.0,512,32,,,FiRE
96,3.0,512,64,,,FiRE
96,3.0,1024,8,,,FiRE
96,3.0,1024,16,,,FiRE
96,3.0,1024,32,,,FiRE
96,3.0,1024,64,,,FiRE
96,4.0,128,4,7.61625612527132,12.561485823243856,FiRE
96,4.0,128,8,7.6823386028409,12.029084105044603,FiRE
96,4.0,128,16,7.678289491683245,11.748299542814493,FiRE
96,4.0,128,32,7.689545761793852,,FiRE
96,4.0,128,64,7.621030438691378,,FiRE
96,4.0,256,4,14.6265310049057,24.589921541512012,FiRE
96,4.0,256,8,14.609196223318577,23.3623973056674,FiRE
96,4.0,256,16,14.650783132761717,22.742633052170277,FiRE
96,4.0,256,32,14.656271021813154,,FiRE
96,4.0,256,64,14.731887701898813,,FiRE
96,4.0,512,4,,,FiRE
96,4.0,512,8,,,FiRE
96,4.0,512,16,,,FiRE
96,4.0,512,32,,,FiRE
96,4.0,512,64,,,FiRE
96,4.0,1024,4,,,FiRE
96,4.0,1024,8,,,FiRE
96,4.0,1024,16,,,FiRE
96,4.0,1024,32,,,FiRE
96,4.0,1024,64,,,FiRE
96,5.0,128,4,7.7652219496667385,13.091628823429346,FiRE
96,5.0,256,4,15.237260073423386,25.97206660360098,FiRE
96,5.0,512,4,,,FiRE
96,5.0,1024,4,,,FiRE
96,7.0,128,4,8.366578452289104,14.740183845162392,FiRE
96,7.0,256,4,16.0821447186172,28.81539149954915,FiRE
96,7.0,512,4,,,FiRE
96,7.0,1024,4,,,FiRE
99,3.0,128,8,7.55199197307229,11.628374423831701,FiRE
99,3.0,128,16,7.5044953636825085,11.236577808856964,FiRE
99,3.0,128,32,7.537843931466341,,FiRE
99,3.0,128,64,7.540567554533482,,FiRE
99,3.0,256,8,14.291490394622087,22.31046948954463,FiRE
99,3.0,256,16,14.31181911751628,21.652859080582857,FiRE
99,3.0,256,32,14.365071434527636,,FiRE
99,3.0,256,64,14.271315764635801,,FiRE
99,3.0,512,8,,,FiRE
99,3.0,512,16,,,FiRE
99,3.0,512,32,,,FiRE
99,3.0,512,64,,,FiRE
99,3.0,1024,8,,,FiRE
99,3.0,1024,16,,,FiRE
99,3.0,1024,32,,,FiRE
99,3.0,1024,64,,,FiRE
99,4.0,128,4,8.031414423137903,13.126979373395443,FiRE
99,4.0,128,8,8.057524845004082,12.518076859414577,FiRE
99,4.0,128,16,8.05455882102251,12.229276027530432,FiRE
99,4.0,128,32,8.029230646789074,,FiRE
99,4.0,128,64,8.022653818130493,,FiRE
99,4.0,256,4,15.282712556421757,25.522221937775612,FiRE
99,4.0,256,8,15.130505494773388,24.124117769300938,FiRE
99,4.0,256,16,15.284771658480167,23.655117593705654,FiRE
99,4.0,256,32,15.289745513349771,,FiRE
99,4.0,256,64,15.298764437437057,,FiRE
99,4.0,512,4,,,FiRE
99,4.0,512,8,,,FiRE
99,4.0,512,16,,,FiRE
99,4.0,512,32,,,FiRE
99,4.0,512,64,,,FiRE
99,4.0,1024,4,,,FiRE
99,4.0,1024,8,,,FiRE
99,4.0,1024,16,,,FiRE
99,4.0,1024,32,,,FiRE
99,4.0,1024,64,,,FiRE
99,5.0,128,4,8.110414691269398,13.696426838636398,FiRE
99,5.0,256,4,15.930241227149963,27.149693340063095,FiRE
99,5.0,512,4,,,FiRE
99,5.0,1024,4,,,FiRE
99,7.0,128,4,8.749962192028761,15.223076544702053,FiRE
99,7.0,256,4,16.778732988983393,29.76261368766427,FiRE
99,7.0,512,4,,,FiRE
99,7.0,1024,4,,,FiRE
105,3.0,128,8,8.618411500006914,12.962451793253422,FiRE
105,3.0,128,16,8.618447132408619,12.611549690365791,FiRE
105,3.0,128,32,8.597078863531351,,FiRE
105,3.0,128,64,8.638173393905163,,FiRE
105,3.0,256,8,17.131688438355923,25.738680832087994,FiRE
105,3.0,256,16,16.419624254107475,,FiRE
105,3.0,256,32,17.132311567664146,,FiRE
105,3.0,256,64,16.380059704184532,,FiRE
105,3.0,512,8,,,FiRE
105,3.0,512,16,,,FiRE
105,3.0,512,32,,,FiRE
105,3.0,512,64,,,FiRE
105,3.0,1024,8,,,FiRE
105,3.0,1024,16,,,FiRE
105,3.0,1024,32,,,FiRE
105,3.0,1024,64,,,FiRE
105,4.0,128,4,9.18004858493805,14.634644828736782,FiRE
105,4.0,128,8,9.055842746049166,13.828563418239355,FiRE
105,4.0,128,16,9.15473721921444,13.603720623999834,FiRE
105,4.0,128,32,9.175838019698858,,FiRE
105,4.0,128,64,9.03103320300579,,FiRE
105,4.0,256,4,17.498452380299568,28.479200948029757,FiRE
105,4.0,256,8,17.30561176687479,26.936297208070755,FiRE
105,4.0,256,16,17.573614861816168,,FiRE
105,4.0,256,32,17.5247539319098,,FiRE
105,4.0,256,64,17.329493075609207,,FiRE
105,4.0,512,4,,,FiRE
105,4.0,512,8,,,FiRE
105,4.0,512,16,,,FiRE
105,4.0,512,32,,,FiRE
105,4.0,512,64,,,FiRE
105,4.0,1024,4,,,FiRE
105,4.0,1024,8,,,FiRE
105,4.0,1024,16,,,FiRE
105,4.0,1024,32,,,FiRE
105,4.0,1024,64,,,FiRE
105,5.0,128,4,9.312966965138912,15.39067267999053,FiRE
105,5.0,256,4,18.22922908887267,30.40378813073039,FiRE
105,5.0,512,4,,,FiRE
105,5.0,1024,4,,,FiRE
105,7.0,128,4,9.940317519009113,16.998373590409756,FiRE
105,7.0,256,4,19.219364941120148,33.507443331182,FiRE
105,7.0,512,4,,,FiRE
105,7.0,1024,4,,,FiRE
108,3.0,32,8,3.0549519546329975,4.345759619027376,FiRE
108,3.0,32,16,3.046782348304987,4.091605681926012,FiRE
108,3.0,32,32,3.0476931035518646,,FiRE
108,3.0,64,8,5.142321299761534,7.410806551575661,FiRE
108,3.0,64,16,5.112633936107159,7.246534880250692,FiRE
108,3.0,64,32,5.136369217187166,,FiRE
108,3.0,64,64,5.1421498619019985,,FiRE
108,3.0,128,8,9.38262890279293,13.877915758639574,FiRE
108,3.0,128,16,9.368937220424414,14.109457027167082,FiRE
108,3.0,128,32,9.381391543895006,,FiRE
108,3.0,128,64,9.374826353043318,,FiRE
108,3.0,256,8,17.85795372724533,28.108449574559927,FiRE
108,3.0,256,16,18.698044050484896,,FiRE
108,3.0,256,32,17.907183457165956,,FiRE
108,3.0,256,64,17.822804979979992,,FiRE
108,3.0,512,8,,,FiRE
108,3.0,512,16,,,FiRE
108,3.0,512,32,,,FiRE
108,3.0,512,64,,,FiRE
114,3.0,128,8,,,FiRE
114,3.0,128,16,,,FiRE
114,3.0,128,32,,,FiRE
114,3.0,128,64,,,FiRE
114,3.0,256,8,,,FiRE
114,3.0,256,16,,,FiRE
114,3.0,256,32,,,FiRE
114,3.0,256,64,,,FiRE
114,3.0,512,8,,,FiRE
114,3.0,512,16,,,FiRE
114,3.0,512,32,,,FiRE
114,3.0,512,64,,,FiRE
114,3.0,1024,8,,,FiRE
114,3.0,1024,16,,,FiRE
114,3.0,1024,32,,,FiRE
114,3.0,1024,64,,,FiRE
114,4.0,128,4,,,FiRE
114,4.0,128,8,,,FiRE
114,4.0,128,16,,,FiRE
114,4.0,128,32,,,FiRE
114,4.0,128,64,,,FiRE
114,4.0,256,4,,,FiRE
114,4.0,256,8,,,FiRE
114,4.0,256,16,,,FiRE
114,4.0,256,32,,,FiRE
114,4.0,256,64,,,FiRE
114,4.0,512,4,,,FiRE
114,4.0,512,8,,,FiRE
114,4.0,512,16,,,FiRE
114,4.0,512,32,,,FiRE
114,4.0,512,64,,,FiRE
114,4.0,1024,4,,,FiRE
114,4.0,1024,8,,,FiRE
114,4.0,1024,16,,,FiRE
114,4.0,1024,32,,,FiRE
114,4.0,1024,64,,,FiRE
114,5.0,128,4,,,FiRE
114,5.0,256,4,,,FiRE
114,5.0,512,4,,,FiRE
114,5.0,1024,4,,,FiRE
114,7.0,128,4,,,FiRE
114,7.0,256,4,,,FiRE
114,7.0,512,4,,,FiRE
114,7.0,1024,4,,,FiRE
124,3.0,32,8,4.076569173485041,5.662048704922199,FiRE
124,3.0,32,16,4.099294617772102,,FiRE
124,3.0,32,32,4.098390210419893,,FiRE
124,3.0,64,8,7.02618370950222,10.148356653749943,FiRE
124,3.0,64,16,7.0351597443223,,FiRE
124,3.0,64,32,7.024449594318867,,FiRE
124,3.0,64,64,7.019662566483021,,FiRE
124,3.0,128,8,12.997333474457264,19.28611871600151,FiRE
124,3.0,128,16,12.994287252426147,,FiRE
124,3.0,128,32,12.95371500402689,,FiRE
124,3.0,128,64,12.968019496649504,,FiRE
124,3.0,256,8,25.11597377061844,37.61608872562647,FiRE
124,3.0,256,16,25.108728732913733,,FiRE
124,3.0,256,32,25.026692185550928,,FiRE
124,3.0,256,64,,,FiRE
124,3.0,512,8,,,FiRE
124,3.0,512,16,,,FiRE
124,3.0,512,32,,,FiRE
124,3.0,512,64,,,FiRE
124,3.0,1024,8,,,FiRE
124,3.0,1024,16,,,FiRE
124,3.0,1024,32,,,FiRE
124,3.0,1024,64,,,FiRE
124,4.0,128,4,13.592514958232641,21.375826474279165,FiRE
124,4.0,128,8,13.574290048331022,20.49737622216344,FiRE
124,4.0,128,16,13.573912248015404,,FiRE
124,4.0,128,32,13.56049133837223,,FiRE
124,4.0,128,64,,,FiRE
124,4.0,256,4,26.570129964500666,42.07887511327863,FiRE
124,4.0,256,8,26.65888111665845,40.41014666482806,FiRE
124,4.0,256,16,26.284472938627005,,FiRE
124,4.0,256,32,26.621805880218744,,FiRE
124,4.0,256,64,,,FiRE
124,4.0,512,4,,,FiRE
124,4.0,512,8,,,FiRE
124,4.0,512,16,,,FiRE
124,4.0,512,32,,,FiRE
124,4.0,512,64,,,FiRE
124,4.0,1024,4,,,FiRE
124,4.0,1024,8,,,FiRE
124,4.0,1024,16,,,FiRE
124,4.0,1024,32,,,FiRE
124,4.0,1024,64,,,FiRE
124,5.0,128,4,14.194482114166021,22.69532061740756,FiRE
124,5.0,256,4,26.857267405837774,43.62753900140524,FiRE
124,5.0,512,4,,,FiRE
124,5.0,1024,4,,,FiRE
124,7.0,128,4,14.693808507174253,24.575987573713064,FiRE
124,7.0,256,4,29.14677245914936,48.86184270679951,FiRE
124,7.0,512,4,,,FiRE
124,7.0,1024,4,,,FiRE
