bond_length,energy,method,stderr
1.6015123484202827,-109.21066150418234,CCSD,
1.7082798383149682,-109.36435898780908,CCSD,
1.8150473282096538,-109.45532909670015,CCSD,
1.921814818104339,-109.50253160609788,CCSD,
2.028582307999025,-109.5194831662476,CCSD,
2.135349797893711,-109.5158553027277,CCSD,
2.242117287788396,-109.4979338212472,CCSD,
2.348884777683082,-109.47119550167295,CCSD,
2.4556522675777677,-109.43941165153083,CCSD,
2.5624197574724534,-109.4053080555338,CCSD,
2.6691872473671387,-109.37105022564761,CCSD,
2.7759547372618245,-109.33837604383791,CCSD,
2.88272222715651,-109.30856358853336,CCSD,
2.989489717051195,-109.28233983753626,CCSD,
3.0962572069458805,-109.25987937749392,CCSD,
3.2030246968405667,-109.24096891811408,CCSD,
3.3097921867352524,-109.22525929748949,CCSD,
3.416559676629938,-109.21241354083082,CCSD,
3.5233271665246235,-109.20212727076513,CCSD,
3.6300946564193093,-109.1940973043193,CCSD,
3.7368621463139946,-109.1879989697353,CCSD,
3.843629636208681,-109.18348976018324,CCSD,
3.950397126103366,-109.18023337471641,CCSD,
4.057164615998051,-109.17792684373586,CCSD,
4.163932105892737,-109.17631718770357,CCSD,
4.2706995957874225,-109.17520540970214,CCSD,
4.377467085682108,-109.17444194030027,CCSD,
4.484234575576795,-109.17391798034565,CCSD,
4.591002065471479,-109.17355631070127,CCSD,
4.697769555366166,-109.17330320332924,CCSD,
4.80453704526085,-109.17312188541132,CCSD,
4.911304535155537,-109.17298755114723,CCSD,
5.0180720250502215,-109.17288369626837,CCSD,
5.124839514944908,-109.1727995028563,CCSD,
5.231607004839593,-109.17272799641722,CCSD,
5.338374494734276,-109.17266475722498,CCSD,
5.872211944207703,-109.17240818585657,CCSD,
6.406049393681131,-109.1722125740532,CCSD,
1.6015123484202827,-109.22530208021023,CCSD(T),
1.7082798383149682,-109.38040213101958,CCSD(T),
1.8150473282096538,-109.4729843424132,CCSD(T),
1.921814818104339,-109.52202524536246,CCSD(T),
2.028582307999025,-109.54105709603621,CCSD(T),
2.135349797893711,-109.53976441675272,CCSD(T),
2.242117287788396,-109.5237078521764,CCSD(T),
2.348884777683082,-109.49914702766272,CCSD(T),
2.4556522675777677,-109.4696695348552,CCSD(T),
2.5624197574724534,-109.43740286973946,CCSD(T),
2.6691872473671387,-109.40390102645985,CCSD(T),
2.7759547372618245,-109.37055620014186,CCSD(T),
2.88272222715651,-109.33879249973866,CCSD(T),
2.989489717051195,-109.30990848442272,CCSD(T),
3.0962572069458805,-109.28472782186337,CCSD(T),
3.2030246968405667,-109.26340982575546,CCSD(T),
3.3097921867352524,-109.24564136794407,CCSD(T),
3.416559676629938,-109.23096612560104,CCSD(T),
3.5233271665246235,-109.21896989483774,CCSD(T),
3.6300946564193093,-109.2093161212253,CCSD(T),
3.7368621463139946,-109.20171187201893,CCSD(T),
3.843629636208681,-109.19586596997758,CCSD(T),
3.950397126103366,-109.19147617045547,CCSD(T),
4.057164615998051,-109.18824470138624,CCSD(T),
4.163932105892737,-109.18590105803244,CCSD(T),
4.2706995957874225,-109.18421722987914,CCSD(T),
4.377467085682108,-109.18301232390935,CCSD(T),
4.484234575576795,-109.18214893988585,CCSD(T),
4.591002065471479,-109.18152599272648,CCSD(T),
4.697769555366166,-109.18107085499486,CCSD(T),
4.80453704526085,-109.18073223826569,CCSD(T),
4.911304535155537,-109.180474394175,CCSD(T),
5.0180720250502215,-109.1802726381976,CCSD(T),
5.124839514944908,-109.18011006774138,CCSD(T),
5.231607004839593,-109.17997518062586,CCSD(T),
5.338374494734276,-109.17986018336607,CCSD(T),
5.872211944207703,-109.17944927627504,CCSD(T),
6.406049393681131,-109.179184318611,CCSD(T),
1.6015117104749999,-109.22128702279849,"FermiNet, 16 dets",0.0001682364493148524
1.7082791578399998,-109.37620909855916,"FermiNet, 16 dets",0.000165743199755338
1.815046605205,-109.46919209605608,"FermiNet, 16 dets",0.0001560244039373185
1.92181405257,-109.51789526526744,"FermiNet, 16 dets",0.00017477619063494524
2.028581499935,-109.53752250701953,"FermiNet, 16 dets",0.00015837533256228873
2.1353489473000002,-109.53686188734494,"FermiNet, 16 dets",0.0001547006415038039
2.2421163946650005,-109.52224456423369,"FermiNet, 16 dets",0.00018738035616281423
2.3488838420300002,-109.49894481515273,"FermiNet, 16 dets",0.00017638139875694598
2.4556512893950004,-109.47178804645172,"FermiNet, 16 dets",0.0001549597434993869
2.5624187367600006,-109.44209157579985,"FermiNet, 16 dets",0.00015256610804318207
2.669186184125001,-109.41185844326631,"FermiNet, 16 dets",0.00018855149124686154
2.7759536314900006,-109.38141956619727,"FermiNet, 16 dets",0.00017313396874150096
2.882721078855001,-109.3528857735487,"FermiNet, 16 dets",0.0001701842233080625
2.989488526220001,-109.32622538468776,"FermiNet, 16 dets",0.00019433466204724615
3.096255973585001,-109.29992964252448,"FermiNet, 16 dets",0.000246290595608881
3.203023420950001,-109.27892159651488,"FermiNet, 16 dets",0.00020673916908019827
3.3097908683150012,-109.26075741648674,"FermiNet, 16 dets",0.00019133453162820758
3.4165583156800015,-109.24351564202553,"FermiNet, 16 dets",0.0002054815868323973
3.5233257630450012,-109.2292343844206,"FermiNet, 16 dets",0.0002523579818958954
3.6300932104100014,-109.21221089057433,"FermiNet, 16 dets",0.00024334785851534474
3.7368606577750016,-109.20281661091707,"FermiNet, 16 dets",0.0002166226243232929
3.8436281051400014,-109.1958556175232,"FermiNet, 16 dets",0.00017632772098769378
3.9503955525050016,-109.1922068962684,"FermiNet, 16 dets",0.00014352857253195614
4.057162999870002,-109.1883378021228,"FermiNet, 16 dets",0.00014798704451170956
4.163930447235002,-109.18428187721815,"FermiNet, 16 dets",0.00014167927022771363
4.270697894600001,-109.18314412771127,"FermiNet, 16 dets",0.0001543925528776883
4.377465341965002,-109.18093319046191,"FermiNet, 16 dets",0.00014810017641479236
4.484232789330003,-109.18004962801933,"FermiNet, 16 dets",0.00015545564250745857
4.5910002366950025,-109.1796952249148,"FermiNet, 16 dets",0.00012046808632801968
4.697767684060002,-109.17894024879504,"FermiNet, 16 dets",0.0001418654016615216
4.804535131425002,-109.17909226279993,"FermiNet, 16 dets",0.00011667884693157596
4.911302578790003,-109.17863627733328,"FermiNet, 16 dets",0.00012833491169078178
5.018070026155002,-109.17813141911458,"FermiNet, 16 dets",0.00013792919770853632
5.124837473520002,-109.17816064755122,"FermiNet, 16 dets",0.00011158806188406984
5.231604920885003,-109.17800111189867,"FermiNet, 16 dets",0.0001337598279921423
5.338372368249999,-109.1778521048717,"FermiNet, 16 dets",0.00013753021549111973
5.872209605075,-109.17752805352211,"FermiNet, 16 dets",0.00010088729329669924
6.406046841899999,-109.1771004818953,"FermiNet, 16 dets",0.00011780007317780758
1.6015117104749999,-109.22203159790773,"FermiNet, 32 dets",0.0001320198322325766
1.7082791578399998,-109.37728042021776,"FermiNet, 32 dets",0.00013663028013542066
1.815046605205,-109.47017770317885,"FermiNet, 32 dets",0.0001250214549315856
1.92181405257,-109.51879872419896,"FermiNet, 32 dets",0.00014848354925407604
2.028581499935,-109.5380798242031,"FermiNet, 32 dets",0.0001440836197359458
2.1353489473000002,-109.5375395080982,"FermiNet, 32 dets",0.00014038012941330918
2.2421163946650005,-109.52318987555994,"FermiNet, 32 dets",0.00015537702065050442
2.3488838420300002,-109.50043220550586,"FermiNet, 32 dets",0.00013864372148844842
2.4556512893950004,-109.47284367298468,"FermiNet, 32 dets",0.00020631510132730507
2.5624187367600006,-109.44311118660829,"FermiNet, 32 dets",0.00014349988640776322
2.669186184125001,-109.4124890328982,"FermiNet, 32 dets",0.0001473918666249403
2.7759536314900006,-109.38186011406091,"FermiNet, 32 dets",0.0001719229153947614
2.882721078855001,-109.35428805687489,"FermiNet, 32 dets",0.00018132890532112985
2.989488526220001,-109.32773471413515,"FermiNet, 32 dets",0.00016256471238744
3.096255973585001,-109.30321121445068,"FermiNet, 32 dets",0.00024595314201259784
3.203023420950001,-109.28065967712647,"FermiNet, 32 dets",0.00021770737084983
3.3097908683150012,-109.26233741411797,"FermiNet, 32 dets",0.0001853128452256217
3.4165583156800015,-109.24503867595624,"FermiNet, 32 dets",0.00018526428476993637
3.5233257630450012,-109.2312358587216,"FermiNet, 32 dets",0.00021066831055511953
3.6300932104100014,-109.21772307386765,"FermiNet, 32 dets",0.00028582056246137646
3.7368606577750016,-109.20887461915994,"FermiNet, 32 dets",0.00018777521874515922
3.8436281051400014,-109.20075647571149,"FermiNet, 32 dets",0.00019579649236138466
3.9503955525050016,-109.19315309478687,"FermiNet, 32 dets",0.0001727261329516637
4.057162999870002,-109.18957484456209,"FermiNet, 32 dets",0.0001970022326021253
4.163930447235002,-109.18523548046748,"FermiNet, 32 dets",0.00017644309656523793
4.270697894600001,-109.18349505846317,"FermiNet, 32 dets",0.0001381164487178667
4.377465341965002,-109.1817543774079,"FermiNet, 32 dets",0.00012965570102145348
4.484232789330003,-109.18086041166232,"FermiNet, 32 dets",0.00011133336889534897
4.5910002366950025,-109.17981500809009,"FermiNet, 32 dets",0.00014298113477354498
4.697767684060002,-109.17918843565843,"FermiNet, 32 dets",0.00012986930477139238
4.804535131425002,-109.17885275299733,"FermiNet, 32 dets",0.00011766286802691676
4.911302578790003,-109.17889267206192,"FermiNet, 32 dets",0.00011453891248130247
5.018070026155002,-109.17853350287828,"FermiNet, 32 dets",0.00011661966034263801
5.124837473520002,-109.17790308900369,"FermiNet, 32 dets",0.00013656242159711937
5.231604920885003,-109.17806230294399,"FermiNet, 32 dets",0.00015266354749152554
5.338372368249999,-109.17810313747479,"FermiNet, 32 dets",0.00011694341951461401
5.872209605075,-109.17785469996623,"FermiNet, 32 dets",0.00012626377701686187
6.406046841899999,-109.17740170619426,"FermiNet, 32 dets",0.00012745507018401637
1.6015117104749999,-109.22218847427612,"FermiNet, 64 dets",0.000118302246418476
1.7082791578399998,-109.37760211794804,"FermiNet, 64 dets",0.00012758759369961583
1.815046605205,-109.47006438634334,"FermiNet, 64 dets",0.00013448832975292212
1.92181405257,-109.51922364341907,"FermiNet, 64 dets",0.0001351863683386857
2.028581499935,-109.53899432909795,"FermiNet, 64 dets",0.000130435203623849
2.1353489473000002,-109.53774235187433,"FermiNet, 64 dets",0.00013467723653423714
2.2421163946650005,-109.52369520297417,"FermiNet, 64 dets",0.00014508720363170312
2.3488838420300002,-109.5009366778227,"FermiNet, 64 dets",0.00014801424749829779
2.4556512893950004,-109.47310331922311,"FermiNet, 64 dets",0.00013772497835011984
2.5624187367600006,-109.44351921555324,"FermiNet, 64 dets",0.00011655673891589868
2.669186184125001,-109.41275843595847,"FermiNet, 64 dets",0.0001571000006145768
2.7759536314900006,-109.38330888748169,"FermiNet, 64 dets",0.00016483105754689373
2.882721078855001,-109.35471344452638,"FermiNet, 64 dets",0.00015708931236175345
2.989488526220001,-109.32857408584692,"FermiNet, 64 dets",0.00033449702073845935
3.096255973585001,-109.30351025401018,"FermiNet, 64 dets",0.00017553505699573543
3.203023420950001,-109.28190059692432,"FermiNet, 64 dets",0.0001782729038660655
3.3097908683150012,-109.26353072355955,"FermiNet, 64 dets",0.00017568327667553756
3.4165583156800015,-109.24593240099075,"FermiNet, 64 dets",0.00017694458191275226
3.5233257630450012,-109.23147327854083,"FermiNet, 64 dets",0.00020149059792198433
3.6300932104100014,-109.21925687255003,"FermiNet, 64 dets",0.0001710061038620815
3.7368606577750016,-109.20920915634204,"FermiNet, 64 dets",0.00017733693832540517
3.8436281051400014,-109.20177115003268,"FermiNet, 64 dets",0.00031801993797315407
3.9503955525050016,-109.19199655376948,"FermiNet, 64 dets",0.0001707052870818279
4.057162999870002,-109.18974667863968,"FermiNet, 64 dets",0.00011925906453663553
4.163930447235002,-109.1853552590578,"FermiNet, 64 dets",0.00015507052629889167
4.270697894600001,-109.18357775073785,"FermiNet, 64 dets",0.00013029421592609825
4.377465341965002,-109.18205594328734,"FermiNet, 64 dets",0.00016888602692993404
4.484232789330003,-109.18055656628731,"FermiNet, 64 dets",0.00014408605825602354
4.5910002366950025,-109.17997913406445,"FermiNet, 64 dets",0.00015229761282939392
4.697767684060002,-109.17920804405824,"FermiNet, 64 dets",0.0001270951311624495
4.804535131425002,-109.17895280474272,"FermiNet, 64 dets",0.00012703120909196845
4.911302578790003,-109.17870582907628,"FermiNet, 64 dets",0.00010840427002337913
5.018070026155002,-109.1779174774121,"FermiNet, 64 dets",0.00014989961270474924
5.124837473520002,-109.17843407545334,"FermiNet, 64 dets",0.00011529714600497088
5.231604920885003,-109.1780688839081,"FermiNet, 64 dets",0.000110153961153116
5.338372368249999,-109.17787714952078,"FermiNet, 64 dets",0.00012094566791468683
5.872209605075,-109.17740433185529,"FermiNet, 64 dets",0.0001577960399166021
6.406046841899999,-109.17723214320647,"FermiNet, 64 dets",0.0001241069369439905
1.6015123484202827,-108.71292359585483,HF,
1.7082798383149682,-108.86209432572056,HF,
1.8150473282096538,-108.94728895053713,HF,
1.921814818104339,-108.98757063534089,HF,
2.028582307999025,-108.99654807875065,HF,
2.135349797893711,-108.98398072167791,HF,
2.242117287788396,-108.96045142921629,HF,
2.348884777683082,-108.9368559218684,HF,
2.4556522675777677,-108.91411817692256,HF,
2.5624197574724534,-108.89260262091636,HF,
2.6691872473671387,-108.87253163267164,HF,
2.7759547372618245,-108.85408823584731,HF,
2.88272222715651,-108.8375312691243,HF,
2.989489717051195,-108.82331785358818,HF,
3.0962572069458805,-108.81205799808504,HF,
3.2030246968405667,-108.80407361151406,HF,
3.3097921867352524,-108.79907394032317,HF,
3.416559676629938,-108.79640262615669,HF,
3.5233271665246235,-108.7953751294692,HF,
3.6300946564193093,-108.79542688872412,HF,
3.7368621463139946,-108.7961380714235,HF,
3.843629636208681,-108.79721403538264,HF,
3.950397126103366,-108.79845650967148,HF,
4.057164615998051,-108.79973731465489,HF,
4.163932105892737,-108.80097751303215,HF,
4.2706995957874225,-108.80213186292444,HF,
4.377467085682108,-108.80317760997744,HF,
4.484234575576795,-108.80410658776735,HF,
4.591002065471479,-108.80491974835094,HF,
4.697769555366166,-108.80562343751065,HF,
4.80453704526085,-108.80622690119884,HF,
4.911304535155537,-108.80674064969648,HF,
5.0180720250502215,-108.80717541368469,HF,
5.124839514944908,-108.8075415079468,HF,
5.231607004839593,-108.80784847274887,HF,
5.338374494734276,-108.80810490293331,HF,
5.872211944207703,-108.80886283208064,HF,
6.406049393681131,-108.80914766206978,HF,
0.9448634388871776,25.787071080374755,expt,
0.950538288701134,24.17574275756178,expt,
0.9562131574123592,22.684165026969172,expt,
0.9618880072263155,21.302312975434003,expt,
0.9675628570402719,20.021082442624163,expt,
0.9732377257514971,18.832198616963865,expt,
0.9789125755654534,17.728134333864976,expt,
0.9845874253794098,16.702036983797996,expt,
0.9902622751933664,15.747663067434946,expt,
0.9959371439045913,14.859319548626331,expt,
1.001611993718548,14.03181125546714,expt,
1.0072868435325042,13.260393666954677,expt,
1.0129617122437296,12.540730499336657,expt,
1.0186365620576858,11.8688555735397,expt,
1.024311411871642,11.24113850424584,expt,
1.0299862805828675,10.654253803263455,expt,
1.0356611303968237,10.105153035720226,expt,
1.04133598021078,9.591039708047866,expt,
1.0470108300247365,9.109346602422468,expt,
1.0526856987359616,8.657715303836385,expt,
1.058360548549918,8.233977693835325,expt,
1.0640353983638744,7.836139209592731,expt,
1.0697102670750995,7.462363688806132,expt,
1.075385116889056,7.110959640223999,expt,
1.0810599667030125,6.780367796747164,expt,
1.0867348354142374,6.469149823253274,expt,
1.0924096852281941,6.1759780647951805,expt,
1.0980845350421504,5.899626232823992,expt,
1.1037593848561067,5.638960937761878,expt,
1.109434253567332,5.392933985747585,expt,
1.1151091033812883,5.160575365841734,expt,
1.1207839531952446,4.940986861520899,expt,
1.12645882190647,4.733336227018242,expt,
1.1321336717204262,4.536851875076571,expt,
1.1378085215343825,4.350818028044539,expt,
1.1434833902456079,4.174570289045778,expt,
1.1491582400595641,4.0074915942410305,expt,
1.1548330898735204,3.8490085110467867,expt,
1.1605079396874771,3.6985878506161964,expt,
1.166182808398702,3.555733565972847,expt,
1.1718576582126585,3.4199839099576654,expt,
1.177532508026615,3.2909088296337976,expt,
1.18320737673784,3.1681075760267525,expt,
1.1888822265517964,3.051206510083972,expt,
1.194557076365753,2.9398570875433845,expt,
1.200231945076978,2.8337340070250274,expt,
1.2059067948909343,2.7325335071231245,expt,
1.2115816447048908,2.635971799595388,expt,
1.217256494518847,2.5437836269352676,expt,
1.2229313632300725,2.45572093368664,expt,
1.2286062130440287,2.371551641829537,expt,
1.234281062857985,2.291058521441126,expt,
1.2399559315692104,2.2140381486283855,expt,
1.2456307813831666,2.1402999434446324,expt,
1.2513056311971231,2.0696652811512175,expt,
1.2569804999083483,2.001966670772307,expt,
1.2626553497223045,1.937046995423572,expt,
1.268330199536261,1.8747588093779668,expt,
1.2740050493502175,1.8149636872702364,expt,
1.2796799180614427,1.7575316212388923,expt,
1.285354767875399,1.7023404621664888,expt,
1.2910296176893554,1.649275401506919,expt,
1.2967044864005806,1.598228490487323,expt,
1.3023793362145368,1.549098193744258,expt,
1.3080541860284933,1.5017889747009971,expt,
1.3137290547397185,1.4562109102186247,expt,
1.3194039045536747,1.4122793322590508,expt,
1.3250787543676312,1.3699144944854549,expt,
1.3307536041815875,1.329041261896948,expt,
1.3364284728928126,1.2895888217503662,expt,
1.3421033227067691,1.251490414164661,expt,
1.3477781725207256,1.2146830809338613,expt,
1.3534530412319505,1.1791074311939584,expt,
1.3591278910459073,1.1447074226975544,expt,
1.3648027408598635,1.1114301575506746,expt,
1.3704776095710887,1.0792256913568543,expt,
1.3761524593850452,1.0480468547977089,expt,
1.3818273091990014,1.0178490867556726,expt,
1.3875021590129577,0.9885902781549971,expt,
1.393177027724183,0.9602306257613742,expt,
1.3988518775381393,0.9327324952400361,expt,
1.4045267273520958,0.9060602928259635,expt,
1.410201596063321,0.8801803450100463,expt,
1.4158764458772772,0.8550607856904979,expt,
1.4215512956912337,0.8306714502810089,expt,
1.4272261644024589,0.8069837763055497,expt,
1.4329010142164151,0.7839707100453108,expt,
1.4385758640303719,0.7616066188357545,expt,
1.4442507138443281,0.7398672086418637,expt,
1.449925582555553,0.7187294465669992,expt,
1.4556004323695098,0.6981714879763488,expt,
1.461275282183466,0.6781726079391293,expt,
1.4669501508946912,0.6587131367151824,expt,
1.4726250007086477,0.6397743990313598,expt,
1.478299850522604,0.6213386569112999,expt,
1.483974719233829,0.6033890558388514,expt,
1.4896495690477856,0.5859095740509009,expt,
1.4953244188617418,0.5688849747695155,expt,
1.500999268675698,0.5523007611964262,expt,
1.5066741373869235,0.5361431341048959,expt,
1.5123489872008797,0.5203989518751484,expt,
1.5180238370148362,0.5050556928299109,expt,
1.5236987057260614,0.4901014197358532,expt,
1.5293735555400176,0.4755247463456711,expt,
1.5350484053539741,0.4613148058635508,expt,
1.5407232740651993,0.44746122122415327,expt,
1.5463981238791558,0.4339540770822693,expt,
1.5520729736931123,0.42078389341656214,expt,
1.5577478235070685,0.4079416006568771,expt,
1.5634226922182937,0.3954185162498468,expt,
1.5690975420322502,0.3832063225828694,expt,
1.5747723918462064,0.37129704619101883,expt,
1.5804472605574316,0.3596830381759775,expt,
1.586122110371388,0.3483569557700639,expt,
1.5917969601853443,0.33731174498228006,expt,
1.5974718288965695,0.3265406242668051,expt,
1.603146678710526,0.31603706915765206,expt,
1.6088215285244822,0.30579479781631014,expt,
1.6144963783384387,0.29580775744208654,expt,
1.6201712470496639,0.2860701114974728,expt,
1.6258460968636204,0.2765762277035168,expt,
1.6315209466775766,0.2673206667624722,expt,
1.637195815388802,0.25829817176721664,expt,
1.6428706652027583,0.24950365825912335,expt,
1.6485455150167145,0.24093220489793446,expt,
1.65422038372794,0.23257904470913798,expt,
1.6598952335418962,0.22443955687608294,expt,
1.6655700833558524,0.21650925904572874,expt,
1.671244933169809,0.2087838001185173,expt,
1.676919801881034,0.20125895349437053,expt,
1.6825946516949903,0.19393061074818244,expt,
1.6882695015089468,0.1867947757095984,expt,
1.693944370220172,0.17984755892309653,expt,
1.6996192200341285,0.17308517246564561,expt,
1.705294069848085,0.16650392510034137,expt,
1.7109689385593099,0.1601002177455787,expt,
1.7166437883732666,0.15387053924031904,expt,
1.7223186381872229,0.14781146238705667,expt,
1.7279934880011791,0.14191964025503218,expt,
1.7336683567124045,0.13619180272716772,expt,
1.7393432065263608,0.13062475327506173,expt,
1.745018056340317,0.12521536594722346,expt,
1.7506929250515424,0.119960582556544,expt,
1.7563677748654987,0.11485741005371564,expt,
1.762042624679455,0.10990291807410679,expt,
1.7677174933906803,0.10509423664624243,expt,
1.7733923432046366,0.1004285540507231,expt,
1.7790671930185928,0.09590311481906408,expt,
1.7847420428325496,0.09151521786253243,expt,
1.7904169115437745,0.08726221472163008,expt,
1.7960917613577307,0.08314150792744682,expt,
1.8017666111716875,0.07915054946662058,expt,
1.8074414798829124,0.07528683934214399,expt,
1.8131163296968689,0.07154792422275345,expt,
1.8187911795108254,0.06793139617407898,expt,
1.8244660482220505,0.06443489146517281,expt,
1.8301408980360068,0.06105608944446475,expt,
1.8358157478499633,0.057792711479559104,expt,
1.8414905976639195,0.05464251995570321,expt,
1.847165466375145,0.05160331732807619,expt,
1.8528403161891012,0.04867294522341347,expt,
1.8585151660030574,0.045849283586795554,expt,
1.8641900347142828,0.04313024986973305,expt,
1.869864884528239,0.04051379825597409,expt,
1.8755397343421953,0.037997918921732224,expt,
1.8812146030534207,0.03558063732729451,expt,
1.886889452867377,0.03326001353720837,expt,
1.8925643026813335,0.03103414156648684,expt,
1.8982391524952897,0.028901148750479316,expt,
1.9039140212065149,0.026859195136267267,expt,
1.9095888710204714,0.02490647289363305,expt,
1.9152637208344276,0.023041205743830232,expt,
1.9209385895456528,0.02126164840455727,expt,
1.9266134393596093,0.019566086049691962,expt,
1.932288289173566,0.017952833782487874,expt,
1.9379631578847907,0.016420236121082392,expt,
1.9436380076987472,0.014966666495278502,expt,
1.949312857512704,0.013590526753700741,expt,
1.95498770732666,0.01229024668051261,expt,
1.960662576037885,0.01106428352100732,expt,
1.9663374258518418,0.009911121515456063,expt,
1.9720122756657978,0.008829271440699298,expt,
1.9776871443770232,0.007817270159034667,expt,
1.9833619941909797,0.006873680174029648,expt,
1.9890368440049357,0.005997089192952134,expt,
1.994711712716161,0.0051861096955659785,expt,
2.0003865625301174,0.004439378509095524,expt,
2.006061412344074,0.003755556389204709,expt,
2.0117362621580304,0.0031333276068780305,expt,
2.0174111308692555,0.002571399541128811,expt,
2.023085980683212,0.0020685022774863102,expt,
2.028760830497168,0.0016233882122429178,expt,
2.034435699208393,0.0012348316624643055,expt,
2.04011054902235,0.0009016284817806829,expt,
2.045785398836306,0.0006225956819958331,expt,
2.0514602675475313,0.0003965710605584861,expt,
2.057135117361488,0.00022241283394992348,expt,
2.062809967175444,9.89992770467619e-05,expt,
2.0684848169894003,2.5228368519797265e-05,expt,
2.074159685700626,1.7442330898047185e-08,expt,
2.079834535514582,2.230284538692124e-05,expt,
2.0855093853285385,9.103960140649254e-05,expt,
2.0911842540397636,0.00020520108104939285,expt,
2.0968591038537197,0.00036377867834988645,expt,
2.1025339536676766,0.0005657814934821856,expt,
2.1082088223789017,0.0008102360218696643,expt,
2.1138836721928578,0.001096185849628807,expt,
2.1195585220068143,0.0014226913553171084,expt,
2.1252333718207708,0.0017888294179323938,expt,
2.130908240531996,0.002193693131087531,expt,
2.1365830903459524,0.0026363915232648725,expt,
2.142257940159909,0.003116049284033334,expt,
2.147932808871134,0.0036318064960948423,expt,
2.15360765868509,0.004182818373011009,expt,
2.1592825084990466,0.004768255002446164,expt,
2.1649573772102717,0.005387301094757051,expt,
2.170632227024228,0.0060391557367450634,expt,
2.1763070768381847,0.006723032150388742,expt,
2.1819819266521407,0.007438157456365962,expt,
2.187656795363366,0.008183772442177842,expt,
2.1933316451773224,0.008959131334688649,expt,
2.199006494991279,0.009763501576896384,expt,
2.204681363702504,0.010596163608758695,expt,
2.2103562135164605,0.011456410651903056,expt,
2.216031063330417,0.012343548498058226,expt,
2.2217059320416417,0.013256895301056712,expt,
2.227380781855598,0.014195781372263948,expt,
2.2330556316695547,0.015159548979303666,expt,
2.238730481483511,0.016147552147960216,expt,
2.2444053501947363,0.017159156467146868,expt,
2.250080200008693,0.018193738896847157,expt,
2.255755049822649,0.01925068757893818,expt,
2.261429918533874,0.02032940165082536,expt,
2.267104768347831,0.021429291061822644,expt,
2.272779618161787,0.022549776392222543,expt,
2.278454486873012,0.023690288675014194,expt,
2.2841293366869686,0.024850269220208807,expt,
2.289804186500925,0.026029169441746332,expt,
2.295479036314881,0.027226450686961376,expt,
2.3011539050261067,0.028441584068589553,expt,
2.3068287548400632,0.029674050299307555,expt,
2.3125036046540193,0.030923339528795526,expt,
2.3181784733652444,0.03218895118332145,expt,
2.323853323179201,0.03347039380784592,expt,
2.329528172993157,0.034767184910645045,expt,
2.3352030417043825,0.036078850810457426,expt,
2.340877891518339,0.037404926486151915,expt,
2.346552741332295,0.03874495542891901,expt,
2.3522275911462516,0.04009848949698557,expt,
2.3579024598574767,0.041465088772849,expt,
2.363577309671433,0.042844321423027305,expt,
2.3692521594853897,0.044235763560315625,expt,
2.374927028196615,0.04563899910854189,expt,
2.380601878010571,0.04705361966980284,expt,
2.3862767278245274,0.04847922439416658,expt,
2.3919515965357525,0.04991541985181835,expt,
2.3976264463497095,0.05136181990762322,expt,
2.4033012961636655,0.052818045598077235,expt,
2.408976145977622,0.05428372501061458,expt,
2.414651014688847,0.05575849316522962,expt,
2.420325864502803,0.05724199189837823,expt,
2.4260007143167597,0.05873386974910747,expt,
2.4316755830279853,0.06023378184737206,expt,
2.4373504328419413,0.06174138980448045,expt,
2.443025282655898,0.06325636160561951,expt,
2.448700151367123,0.064778371504403,expt,
2.454375001181079,0.06630709991937864,expt,
2.4600498509950355,0.0678422333324396,expt,
2.4657247008089924,0.06938346418907394,expt,
2.471399569520217,0.0709304908003897,expt,
2.4770744193341736,0.0724830172468507,expt,
2.48274926914813,0.07404075328365696,expt,
2.4884241378593552,0.0756034142477082,expt,
2.4940989876733113,0.07717072096607999,expt,
2.4997738374872682,0.07874239966595219,expt,
2.5054487061984934,0.08031818188592568,expt,
2.5111235560124494,0.08189780438866168,expt,
2.516798405826406,0.08348100907478959,expt,
2.522473255640362,0.08506754289801494,expt,
2.5281481243515875,0.08665715778138013,expt,
2.533822974165544,0.088249610534617,expt,
2.5394978239795,0.08984466277253976,expt,
2.545172692690725,0.0914420808344332,expt,
2.5508475425046817,0.0930416357043836,expt,
2.556522392318638,0.09464310293251404,expt,
2.5621972610298633,0.09624626255707987,expt,
2.56787211084382,0.09785089902739046,expt,
2.5735469606577763,0.09945680112752327,expt,
2.5792218104717324,0.10106376190079543,expt,
2.5848966791829575,0.10267157857497396,expt,
2.590571528996914,0.10428005248819483,expt,
2.5962463788108705,0.105888989015573,expt,
2.6019212475220956,0.10749819749648795,expt,
2.607596097336052,0.10910749116253038,expt,
2.613270947150008,0.1107166870661006,expt,
2.6189458158612333,0.11232560600965263,expt,
2.62462066567519,0.11393407247557692,expt,
2.6302955154891463,0.11554191455672867,expt,
2.635970365303103,0.11714896388759444,expt,
2.641645234014328,0.11875505557610884,expt,
2.647320083828284,0.12036002813612799,expt,
2.6529949336422405,0.12196372342056393,expt,
2.6586698023534656,0.1235659865552021,expt,
2.6643446521674226,0.12516666587320516,expt,
2.6700195019813786,0.12676561285032636,expt,
2.6756943706926037,0.12836268204084897,expt,
2.6813692205065602,0.129957731014266,expt,
2.6870440703205163,0.13155062029272946,expt,
2.692718920134473,0.13314121328928114,expt,
2.6983937888456984,0.13472937624689343,expt,
2.7040686386596544,0.13631497817834268,expt,
2.709743488473611,0.1378978908069347,expt,
2.715418357184836,0.1394779885081126,expt,
2.721093206998792,0.14105514825196563,expt,
2.726768056812749,0.142629249546667,expt,
2.732442925523974,0.14420017438286167,expt,
2.73811777533793,0.14576780717903076,expt,
2.7437926251518867,0.14733203472785492,expt,
2.749467474965843,0.14889274614359632,expt,
2.7551423436770683,0.15044983281052718,expt,
2.760817193491025,0.15200318833241985,expt,
2.7664920433049813,0.15355270848312128,expt,
2.7721669120162065,0.155098291158232,expt,
2.7778417618301625,0.15663983632790401,expt,
2.783516611644119,0.15817724599077593,expt,
2.789191480355344,0.15971042412906086,expt,
2.7948663301693006,0.16123927666479757,expt,
2.800541179983257,0.1627637114172814,expt,
2.806216029797213,0.16428363806168003,expt,
2.8118908985084383,0.16579896808884606,expt,
2.817565748322395,0.16730961476633324,expt,
2.8232405981363513,0.16881549310061833,expt,
2.8289154668475764,0.17031651980053653,expt,
2.834590316661533,0.17181261324192787,expt,
2.8402651664754894,0.17330369343349675,expt,
2.845940035186714,0.17478968198388226,expt,
2.8516148850006706,0.17627050206993297,expt,
2.857289734814627,0.17774607840618614,expt,
2.8629646035258527,0.1792163372155359,expt,
2.8686394533398087,0.18068120620108957,expt,
2.8743143031537652,0.1821406145191947,expt,
2.8799891529677213,0.18359449275362785,expt,
2.8856640216789464,0.1850427728909297,expt,
2.8913388714929034,0.18648538829687142,expt,
2.8970137213068594,0.1879222736940324,expt,
2.9026885900180845,0.1893533651404751,expt,
2.908363439832041,0.19077860000949232,expt,
2.914038289645997,0.19219791697040797,expt,
2.9197131583572222,0.19361125597040693,expt,
2.925388008171179,0.19501855821737007,expt,
2.9310628579851357,0.19641976616369067,expt,
2.9367377077990917,0.1978148234910438,expt,
2.942412576510317,0.19920367509608192,expt,
2.9480874263242733,0.20058626707702862,expt,
2.9537622761382294,0.20196254672114125,expt,
2.959437144849455,0.20333246249301185,expt,
2.9651119946634115,0.2046959640236774,expt,
2.9707868444773675,0.20605300210050417,expt,
2.9764617131885927,0.2074035286578206,expt,
2.982136563002549,0.2087474967682582,expt,
2.9878114128165056,0.21008486063477652,expt,
2.993486262630462,0.21141557558333202,expt,
2.9991611313416873,0.21273959805616077,expt,
3.0048359811556433,0.2140568856056423,expt,
3.0105108309696,0.21536739688870762,expt,
3.016185699680825,0.21667109166176324,expt,
3.021860549494782,0.2179679307760911,expt,
3.027535399308738,0.21925787617369644,expt,
3.033210268019963,0.22054089088356843,expt,
3.0388851178339196,0.22181693901831964,expt,
3.0445599676478756,0.22308598577117322,expt,
3.050234817461832,0.22434799741326442,expt,
3.0559096861730577,0.2256029412912264,expt,
3.0615845359870137,0.22685078582502685,expt,
3.0672593858009702,0.22809150050602384,expt,
3.0729342545121954,0.2293250558952166,expt,
3.0786091043261514,0.2305514236216523,expt,
3.084283954140108,0.2317705763809685,expt,
3.0899588228513335,0.23298248793403825,expt,
3.0956336726652895,0.23418713310569095,expt,
3.101308522479246,0.23538448778348384,expt,
3.1069833722932025,0.23657452891649708,expt,
3.1126582410044272,0.23775723451412706,expt,
3.1183330908183837,0.23893258364485578,expt,
3.1240079406323407,0.24010055643496978,expt,
3.129682809343566,0.24126113406720948,expt,
3.135357659157522,0.2424142987793256,expt,
3.1410325089714783,0.24356003386252334,expt,
3.1467073776827035,0.24469832365977404,expt,
3.15238222749666,0.24582915356397533,expt,
3.1580570773106165,0.24695251001594445,expt,
3.1637319271245725,0.2480683805022257,expt,
3.1694067958357977,0.2491767535526979,expt,
3.175081645649754,0.25027761873796683,expt,
3.18075649546371,0.2513709666665294,expt,
3.1864313641749358,0.2524567889816963,expt,
3.1921062139888923,0.25353507835826267,expt,
3.1977810638028488,0.25460582849891467,expt,
3.2034559325140735,0.25566903413036407,expt,
3.20913078232803,0.25672469099920014,expt,
3.2148056321419864,0.2577727958674531,expt,
3.220480481955943,0.2588133465078603,expt,
3.226155350667168,0.2598463416988312,expt,
3.2318302004811246,0.26087178121910454,expt,
3.2375050502950806,0.2618896658420938,expt,
3.2431799190063058,0.26289999732991853,expt,
3.2488547688202623,0.26390277842711823,expt,
3.2545296186342187,0.2648980128540466,expt,
3.260204487345444,0.26588570529994743,expt,
3.2658793371594004,0.26686586141570895,expt,
3.2715541869733564,0.26783848780629965,expt,
3.277229036787313,0.2688035920228861,expt,
3.282903905498538,0.2697611825546344,expt,
3.288578755312495,0.27071126882019775,expt,
3.294253605126451,0.2716538611588954,expt,
3.299928473837676,0.2725889708215837,expt,
3.3056033236516327,0.27351660996122623,expt,
3.3112781734655887,0.2744367916231672,expt,
3.3169530421768143,0.2753495297351131,expt,
3.322627891990771,0.2762548390968303,expt,
3.328302741804727,0.2771527353695621,expt,
3.3339775916186833,0.2780432350651763,expt,
3.3396524603299085,0.27892635553504647,expt,
3.3453273101438645,0.27980211495867724,expt,
3.3510021599578215,0.2806705323320817,expt,
3.3566770286690466,0.28153162745591725,expt,
3.3623518784830027,0.282385420923391,expt,
3.368026728296959,0.28323193410794206,expt,
3.3737015970081843,0.2840711891507115,expt,
3.3793764468221403,0.28490320894780696,expt,
3.3850512966360973,0.28572801713737445,expt,
3.3907261464500538,0.28654563808648553,expt,
3.396401015161279,0.28735609687784935,expt,
3.402075864975235,0.28815941929636163,expt,
3.4077507147891914,0.2889556318154989,expt,
3.4134255835004166,0.2897447615835689,expt,
3.419100433314373,0.2905268364098279,expt,
3.4247752831283296,0.2913018847504749,expt,
3.4304501518395547,0.29206993569453343,expt,
3.4361250016535108,0.29283101894963093,expt,
3.4417998514674673,0.29358516482768604,expt,
3.4474747012814237,0.2943324042305157,expt,
3.453149569992649,0.29507276863536946,expt,
3.4588244198066054,0.2958062900804043,expt,
3.464499269620562,0.29653300115010833,expt,
3.4701741383317866,0.2972529349606836,expt,
3.475848988145743,0.2979661251453984,expt,
3.4815238379597,0.298672605839919,expt,
3.487198706670925,0.29937241166762996,expt,
3.492873556484881,0.3000655777249527,expt,
3.4985484062988377,0.3007521395666723,expt,
3.5042232561127937,0.30143213319128104,expt,
3.509898124824019,0.30210559502634754,expt,
3.515572974637976,0.3027725619139216,expt,
3.521247824451932,0.3034330710959823,expt,
3.526922693163157,0.30408716019993703,expt,
3.5325975429771135,0.3047348672241829,expt,
3.5382723927910695,0.3053762305237338,expt,
3.5439472615022947,0.30601128879592543,expt,
3.5496221113162516,0.30664008106620294,expt,
3.555296961130208,0.30726264667399994,expt,
3.560971810944164,0.30787902525871486,expt,
3.5666466796553893,0.308489256745793,expt,
3.572321529469346,0.30909338133291947,expt,
3.577996379283302,0.3096914394763301,expt,
3.5836712479945274,0.31028347187724686,expt,
3.589346097808484,0.31086951946844216,expt,
3.59502094762244,0.3114496234009391,expt,
3.600695816333665,0.3120238250308534,expt,
3.6063706661476216,0.31259216590637995,expt,
3.612045515961578,0.31315468775493127,expt,
3.6177203657755346,0.3137114324704311,expt,
3.6233952344867597,0.31426244210076854,expt,
3.6290700843007158,0.31480775883541523,expt,
3.6347449341146723,0.3153474249932117,expt,
3.6404198028258974,0.315881483010325,expt,
3.646094652639854,0.31640997542838134,expt,
3.6517695024538104,0.31693294488277746,expt,
3.6574443711650355,0.317450434091173,expt,
3.663119220978992,0.3179624858421677,expt,
3.668794070792948,0.31846914298416434,expt,
3.6744689206069046,0.31897044841442135,expt,
3.68014378931813,0.3194664450682963,expt,
3.685818639132086,0.31995717590868245,expt,
3.6914934889460427,0.3204426839156399,expt,
3.697168357657268,0.3209230120762227,expt,
3.702843207471224,0.32139820337450364,expt,
3.7085180572851804,0.32186830078179773,expt,
3.714192925996406,0.3223333472470849,expt,
3.719867775810362,0.32279338568763244,expt,
3.7255426256243185,0.3232484589798191,expt,
3.731217475438275,0.32369860995015953,expt,
3.7368923441494997,0.32414388136653,expt,
3.742567193963456,0.32458431592959586,expt,
3.748242043777413,0.32501995626444025,expt,
3.7539169124886382,0.32545084491239296,expt,
3.7595917623025943,0.32587702432306076,expt,
3.765266612116551,0.3262985368465576,expt,
3.770941480827776,0.32671542472593273,expt,
3.7766163306417324,0.3271277300897996,expt,
3.7822911804556885,0.3275354949451607,expt,
3.787966030269645,0.32793876117042864,expt,
3.79364089898087,0.32833757050864376,expt,
3.7993157487948266,0.32873196456088455,expt,
3.804990598608783,0.3291219847798718,expt,
3.8106654673200087,0.3295076724637619,expt,
3.8163403171339643,0.329889068750132,expt,
3.8220151669479208,0.33026621461015104,expt,
3.827690035659146,0.33063915084293805,expt,
3.8333648854731024,0.33100791807010366,expt,
3.839039735287059,0.3313725567304742,expt,
3.844714585101016,0.33173310707499665,expt,
3.850389453812241,0.3320896091618203,expt,
3.8560643036261966,0.3324421028515556,expt,
3.861739153440153,0.3327906278027068,expt,
3.867414022151378,0.3331352234672748,expt,
3.8730888719653347,0.33347592908653106,expt,
3.8787637217792916,0.3338127836869573,expt,
3.8844385904905168,0.33414582607634946,expt,
3.8901134403044724,0.33447509484008475,expt,
3.895788290118429,0.33480062833754715,expt,
3.9014631399323854,0.335122464698711,expt,
3.907138008643611,0.3354406418208779,expt,
3.9128128584575674,0.3357551973655671,expt,
3.918487708271524,0.33606616875555406,expt,
3.924162576982748,0.3363735931720557,expt,
3.9298374267967047,0.33667750755206133,expt,
3.935512276610661,0.3369779485858031,expt,
3.9411871453218867,0.3372749527143668,expt,
3.9468619951358432,0.33756855612743825,expt,
3.9525368449497997,0.3378587947611831,expt,
3.9582116947637553,0.33814570429625807,expt,
3.9638865634749805,0.33842932015594984,expt,
3.969561413288937,0.33870967750444003,expt,
3.975236263102894,0.3389868112451926,expt,
3.980911131814119,0.33926075601946176,expt,
3.9865859816280755,0.3395315462049174,expt,
3.992260831442031,0.3397992159143856,expt,
3.9979357001532563,0.34006379899470124,expt,
4.003610549967213,0.3403253290256708,expt,
4.009285399781169,0.34058383931914155,expt,
4.014960249595126,0.34083936291817574,expt,
4.020635118306351,0.3410919325963271,expt,
4.026309968120308,0.3413415808570162,expt,
4.031984817934264,0.3415883399330028,expt,
4.037659686645489,0.34183224178595306,expt,
4.0433345364594455,0.34207331810609826,expt,
4.049009386273402,0.342311600311983,expt,
4.054684254984627,0.3425471195503012,expt,
4.060359104798584,0.3427799066958154,expt,
4.066033954612539,0.3430099923513601,expt,
4.071708804426496,0.34323740684792303,expt,
4.077383673137721,0.343462180244806,expt,
4.083058522951678,0.34368434232986017,expt,
4.088733372765634,0.343903922619794,expt,
4.0944082414768594,0.3441209503605529,expt,
4.100083091290816,0.3443354545277672,expt,
4.1057579411047715,0.3445474638272669,expt,
4.111432809815997,0.34475700669566023,expt,
4.117107659629953,0.34496411130097504,expt,
4.12278250944391,0.34516880554336055,expt,
4.128457359257867,0.3453711170558464,expt,
4.134132227969092,0.3455710732051594,expt,
4.139807077783048,0.34576870109259294,expt,
4.145481927597004,0.34596402755493033,expt,
4.151156796308229,0.346157079165417,expt,
4.156831646122186,0.3463478822347826,expt,
4.162506495936142,0.3465364628123088,expt,
4.168181364647368,0.3467228466869437,expt,
4.173856214461323,0.3469070593884571,expt,
4.17953106427528,0.3470891261886395,expt,
4.185205914089236,0.34726907210253954,expt,
4.190880782800462,0.34744692188974036,expt,
4.196555632614419,0.34762270005567236,expt,
4.202230482428375,0.34779643085296036,expt,
4.2079053511396,0.3479681382828054,expt,
4.2135802009535555,0.3481378460963971,expt,
4.219255050767512,0.3483055777963579,expt,
4.224929919478738,0.34847135663821477,expt,
4.230604769292694,0.3486352056319002,expt,
4.236279619106651,0.3487971475432775,expt,
4.241954468920606,0.3489572048956927,expt,
4.247629337631832,0.34911539997154906,expt,
4.253304187445789,0.34927175481390405,expt,
4.258979037259745,0.34942629122808727,expt,
4.26465390597097,0.3495790307833386,expt,
4.270328755784926,0.34972999481446393,expt,
4.276003605598883,0.34987920442350984,expt,
4.281678474310107,0.35002668048145325,expt,
4.287353324124064,0.3501724436299068,expt,
4.293028173938021,0.3503165142828383,expt,
4.298703023751977,0.3504589126283038,expt,
4.304377892463203,0.35059965863019205,expt,
4.310052742277159,0.35073877202997994,expt,
4.315727592091115,0.3508762723484991,expt,
4.32140246080234,0.3510121788877107,expt,
4.327077310616296,0.35114651073248876,expt,
4.332752160430253,0.35127928675241155,expt,
4.338427029141478,0.35141052560355873,expt,
4.344101878955435,0.35154024573031484,expt,
4.349776728769391,0.351668465367177,expt,
4.355451578583347,0.351795202540568,expt,
4.3611264472945726,0.35192047507065144,expt,
4.366801297108529,0.35204430057315095,expt,
4.3724761469224855,0.3521666964611698,expt,
4.37815101563371,0.35228767994701354,expt,
4.383825865447667,0.3524072680440115,expt,
4.389500715261623,0.35252547756834035,expt,
4.395175583972848,0.35264232514084504,expt,
4.400850433786805,0.3527578271888597,expt,
4.406525283600761,0.35287199994802665,expt,
4.412200133414718,0.3529848594641127,expt,
4.417875002125943,0.35309642159482274,expt,
4.423549851939899,0.35320670201161014,expt,
4.4292247017538555,0.3533157162014831,expt,
4.43489957046508,0.35342347946880626,expt,
4.440574420279037,0.35353000693709835,expt,
4.446249270092993,0.3536353135508237,expt,
4.451924138804219,0.3537394140771786,expt,
4.457598988618175,0.35384232310787134,expt,
4.463273838432131,0.35394405506089544,expt,
4.468948688246088,0.3540446241822967,expt,
4.4746235569573125,0.35414404454793275,expt,
4.4802984067712694,0.3542423300652244,expt,
4.485973256585226,0.3543394944748997,expt,
4.491648125296451,0.35443555135273025,expt,
4.497322975110407,0.35453051411125724,expt,
4.502997824924363,0.3546243960015107,expt,
4.508672693635589,0.3547172101147183,expt,
4.514347543449545,0.3548089693840051,expt,
4.520022393263502,0.3548996865860842,expt,
4.525697243077459,0.35498937434293654,expt,
4.5313721117886825,0.35507804512348173,expt,
4.537046961602639,0.35516571124523777,expt,
4.5427218114165955,0.3552523848759703,expt,
4.548396680127821,0.3553380780353321,expt,
4.554071529941778,0.35542280259649034,expt,
4.559746379755734,0.3555065702877438,expt,
4.56542124846696,0.35558939269412876,expt,
4.571096098280915,0.355671281259013,expt,
4.576770948094872,0.3557522472856787,expt,
4.582445797908829,0.3558323019388941,expt,
4.588120666620053,0.3559114562464726,expt,
4.59379551643401,0.3559897211008205,expt,
4.5994703662479655,0.3560671072604728,expt,
4.605145234959191,0.35614362535161687,expt,
4.610820084773147,0.3562192858696038,expt,
4.616494934587104,0.3562940991804477,expt,
4.62216980329833,0.3563680755223129,expt,
4.627844653112286,0.3564412250069883,expt,
4.633519502926243,0.3565135576213496,expt,
4.639194352740198,0.3565850832288091,expt,
4.644869221451423,0.3566558115707528,expt,
4.65054407126538,0.3567257522679651,expt,
4.656218921079336,0.35679491482204073,expt,
4.661893789790562,0.35686330861678434,expt,
4.667568639604518,0.35693094291959687,expt,
4.673243489418474,0.35699782688285026,expt,
4.6789183581297,0.357063969545248,expt,
4.684593207943656,0.3571293798331749,expt,
4.690268057757613,0.35719406656203234,expt,
4.695942907571569,0.35725803843756193,expt,
4.701617776282794,0.3573213040571563,expt,
4.707292626096749,0.35738387191115706,expt,
4.712967475910706,0.3574457503841401,expt,
4.718642344621932,0.35750694775618896,expt,
4.724317194435888,0.35756747220415414,expt,
4.729992044249845,0.3576273318029012,expt,
4.73566691296107,0.3576865345265462,expt,
4.7413417627750265,0.35774508824967755,expt,
4.7470166125889826,0.357803000748567,expt,
4.752691481300207,0.35786027970236656,expt,
4.758366331114164,0.3579169326942943,expt,
4.76404118092812,0.35797296721280747,expt,
4.769716030742077,0.3580283906527628,expt,
4.775390899453302,0.3580832103165656,expt,
4.781065749267258,0.3581374334153057,expt,
4.786740599081215,0.3581910670698819,expt,
4.7924154677924395,0.35824411831211406,expt,
4.7980903176063965,0.3582965940858436,expt,
4.8037651674203525,0.3583485012480214,expt,
4.809440036131578,0.35839984656978474,expt,
4.815114885945534,0.3584506367375216,expt,
4.82078973575949,0.3585008783539238,expt,
4.826464585573447,0.3585505779390284,expt,
4.832139454284672,0.3585997419312471,expt,
4.837814304098629,0.3586483766883851,expt,
4.843489153912585,0.35869648848864744,expt,
4.84916402262381,0.3587440835316349,expt,
4.8548388724377665,0.35879116793932775,expt,
4.8605137222517225,0.3588377477570594,expt,
4.866188590962948,0.3588838289544783,expt,
4.871863440776904,0.3589294174264983,expt,
4.877538290590861,0.35897451899423977,expt,
4.883213140404817,0.35901913940595764,expt,
4.888888009116042,0.35906328433796086,expt,
4.894562858929999,0.35910695939551956,expt,
4.900237708743955,0.35915017011376227,expt,
4.90591257745518,0.3591929219585628,expt,
4.911587427269137,0.3592352203274165,expt,
4.917262277083093,0.3592770705503062,expt,
4.922937145794318,0.35931847789055776,expt,
4.928611995608274,0.35935944754568566,expt,
4.934286845422231,0.3593999846482286,expt,
4.939961695236187,0.3594400942665752,expt,
4.945636563947413,0.3594797814057793,expt,
4.95131141376137,0.3595190510083661,expt,
4.956986263575325,0.3595579079551281,expt,
4.96266113228655,0.3595963570659119,expt,
4.968335982100506,0.35963440310039546,expt,
4.974010831914463,0.35967205075885483,expt,
4.979685700625689,0.3597093046829235,expt,
4.985360550439645,0.3597461694563411,expt,
4.991035400253602,0.3597826496056928,expt,
4.996710250067557,0.35981874960114074,expt,
5.002385118778783,0.35985447385714586,expt,
5.00805996859274,0.35988982673318054,expt,
5.013734818406696,0.35992481253443304,expt,
5.019409687117921,0.3599594355125028,expt,
5.025084536931877,0.35999369986608765,expt,
5.030759386745833,0.3600276097416618,expt,
5.036434255457058,0.3600611692341457,expt,
5.042109105271015,0.3600943823875683,expt,
5.047783955084972,0.3601272531957193,expt,
5.053458804898928,0.36015978560279527,expt,
5.0591336736101535,0.3601919835040359,expt,
5.064808523424109,0.36022385074635377,expt,
5.070483373238066,0.360255391128955,expt,
5.076158241949291,0.3602866084039527,expt,
5.081833091763247,0.36031750627697273,expt,
5.087507941577204,0.36034808840775145,expt,
5.093182810288429,0.36037835841072613,expt,
5.098857660102386,0.3604083198556179,expt,
5.104532509916341,0.3604379762680072,expt,
5.110207359730298,0.360467331129902,expt,
5.1158822284415235,0.3604963878802987,expt,
5.12155707825548,0.3605251499157358,expt,
5.1272319280694365,0.3605536205908411,expt,
5.132906796780661,0.3605818032188708,expt,
5.138581646594617,0.3606097010722427,expt,
5.144256496408574,0.36063731738306215,expt,
5.149931365119799,0.3606646553436413,expt,
5.155606214933756,0.3606917181070118,expt,
5.161281064747712,0.3607185087874306,expt,
5.166955914561669,0.36074503046087947,expt,
5.1726307832728935,0.36077128616555815,expt,
5.1783056330868495,0.36079727890237107,expt,
5.1839804829008065,0.3608230116354075,expt,
5.189655351612031,0.36084848729241614,expt,
5.195330201425988,0.3608737087652729,expt,
5.201005051239944,0.36089867891044286,expt,
5.20667991995117,0.36092340054943656,expt,
5.212354769765126,0.3609478764692598,expt,
5.218029619579082,0.3609721094228581,expt,
5.223704469393039,0.36099610212955513,expt,
5.2293793381042635,0.3610198572754853,expt,
5.23505418791822,0.3610433775140213,expt,
5.2407290377321765,0.3610666654661952,expt,
5.246403906443401,0.361089723721115,expt,
5.252078756257358,0.361112554836375,expt,
5.257753606071314,0.36113516133846113,expt,
5.26342847478254,0.36115754572315095,expt,
5.269103324596496,0.36117971045590885,expt,
5.274778174410453,0.3612016579722747,expt,
5.280453024224409,0.36122339067824955,expt,
5.2861278929356335,0.36124491095067407,expt,
5.29180274274959,0.3612662211376037,expt,
5.2974775925635464,0.3612873235586782,expt,
5.303152461274772,0.36130822050548617,expt,
5.308827311088729,0.36132891424192504,expt,
5.314502160902684,0.3613494070045565,expt,
5.32017702961391,0.3613697010029572,expt,
5.325851879427866,0.361389798420064,expt,
5.331526729241823,0.36140970141251655,expt,
5.33720157905578,0.36142941211099316,expt,
5.342876447767004,0.36144893262054384,expt,
5.34855129758096,0.36146826502091856,expt,
5.354226147394916,0.36148741136689055,expt,
5.359901016106142,0.3615063736885765,expt,
5.365575865920098,0.3615251539917512,expt,
5.371250715734055,0.3615437542581594,expt,
5.376925584445281,0.3615621764458225,expt,
5.382600434259237,0.3615804224893415,expt,
5.388275284073193,0.36159849430019664,expt,
5.393950133887149,0.36161639376704174,expt,
5.399625002598374,0.36163412275599593,expt,
5.405299852412331,0.3616516831109309,expt,
5.410974702226287,0.36166907665375436,expt,
5.416649570937513,0.36168630518469,expt,
5.422324420751468,0.36170337048255385,expt,
5.427999270565425,0.36172027430502607,expt,
5.4336741392766505,0.3617370183889208,expt,
5.439348989090607,0.36175360445045057,expt,
5.4450238389045635,0.3617700341854891,expt,
5.45069868871852,0.3617863092698289,expt,
5.456373557429745,0.3618024313594367,expt,
5.4620484072437,0.3618184020907048,expt,
5.467723257057657,0.3618342230806998,expt,
5.473398125768883,0.3618498959274068,expt,
5.479072975582839,0.3618654222099723,expt,
5.484747825396796,0.3618808034889416,expt,
5.4904226941080205,0.3618960413064953,expt,
5.496097543921977,0.36191113718668083,expt,
5.5017723937359335,0.36192609263564207,expt,
5.50744724354989,0.3619409091418456,expt,
5.513122112261115,0.361955588176304,expt,
5.518796962075071,0.3619701311927957,expt,
5.524471811889028,0.36198453962808297,expt,
5.530146680600252,0.3619988149021261,expt,
5.535821530414209,0.3620129584182951,expt,
5.541496380228166,0.36202697156357877,expt,
5.5471712489393905,0.36204085570879074,expt,
5.5528460987533474,0.3620546122087726,expt,
5.5585209485673035,0.3620682424025954,expt,
5.5641957983812596,0.3620817476137569,expt,
5.569870667092485,0.36209512915037756,expt,
5.575545516906441,0.3621083883053935,expt,
5.581220366720398,0.36212152635674616,expt,
5.586895235431623,0.36213454456757116,expt,
5.59257008524558,0.362147444186383,expt,
5.598244935059536,0.36216022644725815,expt,
5.6039198037707605,0.36217289257001556,expt,
5.609594653584717,0.3621854437603952,expt,
5.6152695033986735,0.36219788121023305,expt,
5.62094435321263,0.3622102060976355,expt,
5.626619221923855,0.3622224195871498,expt,
5.632294071737812,0.3622345228299336,expt,
5.637968921551768,0.36224651696392146,expt,
5.643643790262993,0.36225840311398916,expt,
5.64931864007695,0.36227018239211667,expt,
5.654993489890906,0.36228185589754774,expt,
5.660668358602131,0.36229342471694853,expt,
5.666343208416088,0.36230488992456356,expt,
5.6720180582300435,0.3623162525823696,expt,
5.677692908044,0.36232751374022787,expt,
5.683367776755225,0.36233867443603385,expt,
5.689042626569182,0.36234973569586565,expt,
5.694717476383138,0.3623606985341297,expt,
5.700392345094364,0.36237156395370523,expt,
5.70606719490832,0.3623823329460866,expt,
5.711742044722276,0.3623930064915236,expt,
5.717416913433501,0.36240358555916014,expt,
5.723091763247457,0.3624140711071708,expt,
5.728766613061414,0.3624244640828965,expt,
5.734441462875371,0.36243476542297687,expt,
5.740116331586596,0.3624449760534826,expt,
5.745791181400552,0.36245509689004435,expt,
5.751466031214508,0.3624651288379817,expt,
5.757140899925734,0.36247507279242913,expt,
5.762815749739691,0.36248492963846063,expt,
5.768490599553647,0.3624947002512134,expt,
5.774165468264872,0.36250438549600883,expt,
5.779840318078827,0.3625139862284729,expt,
5.785515167892784,0.3625235032946542,expt,
5.79119001770674,0.3625329375311412,expt,
5.796864886417966,0.3625422897651773,expt,
5.802539736231923,0.36255156081477474,expt,
5.808214586045879,0.362560751488827,expt,
5.813889454757104,0.36256986258721985,expt,
5.81956430457106,0.3625788949009405,expt,
5.825239154385017,0.3625878492121859,expt,
5.830914023096242,0.3625967262944696,expt,
5.836588872910198,0.36260552691272624,expt,
5.842263722724155,0.36261425182341644,expt,
5.84793857253811,0.3626229017746287,expt,
5.853613441249336,0.36263147750618074,expt,
5.859288291063292,0.3626399797497199,expt,
5.864963140877249,0.362648409228821,expt,
5.8706380095884745,0.3626567666590845,expt,
5.8763128594024305,0.3626650527482319,expt,
5.881987709216387,0.36267326819620144,expt,
5.887662577927611,0.3626814136952406,expt,
5.893337427741568,0.36268948992999983,expt,
5.899012277555525,0.36269749757762276,expt,
5.904687127369481,0.36270543730783705,expt,
5.910361996080707,0.36271330978304284,expt,
5.916036845894663,0.3627211156584006,expt,
5.921711695708619,0.3627288555819178,expt,
5.9273865644198445,0.36273653019453495,expt,
5.9330614142338005,0.36274414013020895,expt,
5.9387362640477575,0.36275168601599767,expt,
5.944411132758982,0.3627591684721414,expt,
5.950085982572939,0.3627665881121445,expt,
5.955760832386894,0.3627739455428554,expt,
5.961435682200851,0.3627812413645461,expt,
5.967110550912077,0.3627884761709898,expt,
5.972785400726033,0.3627956505495386,expt,
5.97846025053999,0.3628027650811994,expt,
5.984135119251214,0.3628098203407091,expt,
5.989809969065171,0.3628168168966092,expt,
5.995484818879127,0.36282375531131855,expt,
6.001159687590352,0.36283063614120636,expt,
6.006834537404309,0.362837459936663,expt,
6.012509387218265,0.3628442272421712,expt,
6.018184237032222,0.3628509385963752,expt,
6.023859105743447,0.3628575945321497,expt,
6.029533955557403,0.36286419557666805,expt,
6.03520880537136,0.3628707422514687,expt,
6.040883674082584,0.3628772350725219,expt,
6.046558523896541,0.3628836745502947,expt,
6.052233373710497,0.362890061189816,expt,
6.057908242421723,0.36289639549073943,expt,
6.063583092235679,0.36290267794740705,expt,
6.069257942049635,0.3629089090489112,expt,
6.074932791863592,0.3629150892791556,expt,
6.080607660574817,0.3629212191169161,expt,
6.086282510388774,0.36292729903590065,expt,
6.09195736020273,0.362933329504808,expt,
6.097632228913955,0.3629393109873862,expt,
6.103307078727911,0.36294524394249017,expt,
6.108981928541867,0.36295112882413866,expt,
6.114656797253093,0.3629569660815699,expt,
6.120331647067049,0.3629627561592978,expt,
6.126006496881006,0.36296849949716575,expt,
6.131681346694962,0.3629741965304018,expt,
6.137356215406187,0.362979847689671,expt,
6.143031065220144,0.3629854534011284,expt,
6.1487059150341,0.36299101408647183,expt,
6.154380783745325,0.36299653016299216,expt,
6.160055633559282,0.36300200204362476,expt,
6.165730483373238,0.3630074301369997,expt,
6.171405352084463,0.3630128148474906,expt,
6.177080201898419,0.3630181565752643,expt,
6.182755051712376,0.36302345571632877,expt,
6.188429901526332,0.36302871266258063,expt,
6.194104770237558,0.3630339278018525,expt,
6.1997796200515145,0.3630391015179597,expt,
6.20545446986547,0.3630442341907454,expt,
6.211129338576695,0.3630493261961269,expt,
6.216804188390651,0.36305437790613987,expt,
6.222479038204608,0.3630593896889829,expt,
6.228153906915834,0.3630643619090608,expt,
6.23382875672979,0.36306929492702816,expt,
6.239503606543746,0.36307418909983197,expt,
6.245178456357702,0.36307904478075337,expt,
6.2508533250689275,0.36308386231944956,expt,
6.2565281748828845,0.36308864206199476,expt,
6.2622030246968405,0.3630933843509208,expt,
6.267877893408066,0.36309808952525713,expt,
6.273552743222022,0.36310275792057056,expt,
6.279227593035978,0.36310738986900415,expt,
6.284902461747203,0.3631119856993159,expt,
6.29057731156116,0.3631165457369171,expt,
6.296252161375117,0.36312107030390955,expt,
6.301927011189073,0.36312555971912336,expt,
6.307601879900298,0.363130014298153,expt,
6.313276729714254,0.3631344343533944,expt,
6.3189515795282105,0.3631388201940802,expt,
6.324626448239436,0.3631431721263155,expt,
6.330301298053392,0.3631474904531128,expt,
6.335976147867349,0.3631517754744265,expt,
6.341651016578574,0.3631560274871871,expt,
6.34732586639253,0.36316024678533504,expt,
6.353000716206487,0.3631644336598539,expt,
6.358675566020443,0.36316858839880334,expt,
6.364350434731668,0.36317271128735173,expt,
6.3700252845456244,0.36317680260780816,expt,
6.375700134359581,0.36318086263965416,expt,
6.381375003070806,0.3631848916595754,expt,
6.387049852884762,0.36318888994149245,expt,
6.392724702698719,0.3631928577565909,expt,
6.398399571409944,0.36319679537335264,expt,
6.404074421223901,0.3632007030575849,expt,
6.409749271037857,0.36320458107245,expt,
6.415424120851814,0.36320842967849487,expt,
6.421098989563038,0.363212249133679,expt,
6.426773839376994,0.3632160396934041,expt,
6.432448689190951,0.36321980161054124,expt,
6.438123557902176,0.363223535135459,expt,
6.443798407716133,0.363227240516051,expt,
6.449473257530089,0.363230917997763,expt,
6.455148126241315,0.3632345678236196,expt,
6.460822976055271,0.3632381902342509,expt,
6.466497825869227,0.36324178546791835,expt,
6.472172675683184,0.36324535376054096,expt,
6.477847544394408,0.36324889534572075,expt,
6.483522394208365,0.3632524104547679,expt,
6.489197244022321,0.36325589931672586,expt,
6.494872112733546,0.36325936215839577,expt,
6.500546962547503,0.36326279920436105,expt,
6.506221812361459,0.36326621067701126,expt,
6.511896681072685,0.3632695967965661,expt,
6.517571530886641,0.36327295778109886,expt,
6.523246380700598,0.3632762938465594,expt,
6.528921230514554,0.3632796052067976,expt,
6.534596099225778,0.3632828920735855,expt,
6.540270949039735,0.36328615465663994,expt,
6.545945798853691,0.363289393163645,expt,
6.551620667564917,0.36329260780027334,expt,
6.557295517378874,0.36329579877020823,expt,
6.562970367192829,0.3632989662751647,expt,
6.568645235904055,0.3633021105149112,expt,
6.574320085718011,0.36330523168728934,expt,
6.579994935531968,0.3633083299882358,expt,
6.5856697853459245,0.36331140561180203,expt,
6.591344654057149,0.3633144587501744,expt,
6.597019503871105,0.3633174895936945,expt,
6.602694353685061,0.3633204983308783,expt,
6.608369222396287,0.3633234851484361,expt,
6.614044072210243,0.3633264502312915,expt,
1.4,-108.650991,r12-MR-ACPF,
1.6,-109.215183,r12-MR-ACPF,
1.8,-109.456391,r12-MR-ACPF,
1.9,-109.508642,r12-MR-ACPF,
1.97,-109.527753,r12-MR-ACPF,
2.02,-109.534651,r12-MR-ACPF,
2.07,-109.536991,r12-MR-ACPF,
2.12,-109.535565,r12-MR-ACPF,
2.17,-109.531054,r12-MR-ACPF,
2.22,-109.524037,r12-MR-ACPF,
2.3,-109.508811,r12-MR-ACPF,
2.5,-109.45814,r12-MR-ACPF,
2.75,-109.387836,r12-MR-ACPF,
3.0,-109.323866,r12-MR-ACPF,
3.5,-109.23466,r12-MR-ACPF,
4.0,-109.194726,r12-MR-ACPF,
5.0,-109.176512,r12-MR-ACPF,
6.0,-109.173851,r12-MR-ACPF,
